trip_id,vehicle_id,started_at,completed_at,pickup_zone,dropoff_zone,distance_miles,duration_seconds,delivery_status,fare_amount
T000001,V018,2026-09-03T20:48:00+00:00,2026-09-03T20:53:42+00:00,south,south,-4.7,342,completed,45.28
T000002,,2026-09-13T17:50:00+00:00,2026-09-13T17:59:56+00:00,west,north,1.02,596,completed,18.19
T000003,V036,2026-09-15T00:46:00+00:00,2026-09-15T00:51:48+00:00,south,central,7.84,348,completeed,39.95
T000004,V011,2026-09-01T11:32:00+00:00,2026-09-01T12:27:48+00:00,west,east,5.36,3348,completed,-12.5
T000005,V006,2026-09-08T23:49:00+00:00,2026-09-08T23:49:00+00:00,west,north,6.78,658,cancelled,40.83
T000007,V030,2026-09-02T07:43:00+00:00,2026-09-02T08:36:48+00:00,central,north,17.53,3228,cancelled,8.81
T000007,V040,2026-09-08T00:06:00+00:00,2026-09-08T00:52:54+00:00,east,central,3.87,2814,completed,6.8
T000008,V019,2026-09-06T12:27:00+00:00,2026-09-06T13:23:46+00:00,north,south,15.66,3406,cancelled,20.96
T000009,V024,2026-09-09T15:14:00+00:00,2026-09-09T15:29:06+00:00,east,south,12.23,906,in_progress,61.14
T000010,V011,2026-09-02T22:59:00+00:00,2026-09-02T23:44:35+00:00,central,south,3.36,2735,cancelled,20.47
T000011,V021,2026-09-14T00:10:00+00:00,2026-09-14T00:28:59+00:00,north,south,14.88,1139,cancelled,28.47
T000012,V037,2026-09-02T20:08:00+00:00,2026-09-02T20:26:24+00:00,east,south,11.97,1104,cancelled,57.97
T000013,V017,2026-09-11T18:35:00+00:00,2026-09-11T18:48:45+00:00,south,south,13.54,825,in_progress,20.03
T000014,V038,2026-09-14T15:15:00+00:00,2026-09-14T15:48:14+00:00,west,east,4.34,1994,completed,35.08
T000015,V004,2026-09-03T09:38:00+00:00,2026-09-03T10:33:35+00:00,north,south,11.48,3335,in_progress,29.75
T000016,V025,2026-09-02T18:41:00+00:00,2026-09-02T19:11:16+00:00,central,west,9.76,1816,in_progress,56.51
T000017,V008,2026-09-01T14:16:00+00:00,2026-09-01T15:06:26+00:00,central,east,13.95,3026,cancelled,10.8
T000018,V030,2026-09-11T05:26:00+00:00,2026-09-11T05:40:47+00:00,north,east,17.51,887,completed,34.97
T000019,V020,2026-09-03T18:06:00+00:00,2026-09-03T18:52:41+00:00,central,central,3.98,2801,cancelled,50.51
T000020,V034,2026-09-13T14:34:00+00:00,2026-09-13T15:31:09+00:00,north,central,6.17,3429,completed,10.82
T000021,V020,2026-09-09T14:14:00+00:00,2026-09-09T15:13:04+00:00,south,north,4.72,3544,in_progress,61.76
T000022,V032,2026-09-03T06:46:00+00:00,2026-09-03T07:39:57+00:00,north,central,13.9,3237,completed,44.24
T000023,V017,2026-09-13T20:15:00+00:00,2026-09-13T20:30:16+00:00,central,central,7.9,916,completed,60.66
T000024,V020,2026-09-05T21:51:00+00:00,2026-09-05T22:43:40+00:00,west,east,8.17,3160,in_progress,31.54
T000025,V005,2026-09-06T23:23:00+00:00,2026-09-06T23:42:20+00:00,east,north,10.8,1160,completed,39.89
T000026,V004,2026-09-01T11:55:00+00:00,2026-09-01T12:03:50+00:00,south,north,16.34,530,cancelled,8.32
T000027,V032,2026-09-06T17:58:00+00:00,2026-09-06T18:21:00+00:00,south,central,2.82,1380,in_progress,39.15
T000028,V031,2026-09-06T20:42:00+00:00,2026-09-06T21:39:33+00:00,west,south,2.15,3453,in_progress,30.29
T000029,V030,2026-09-10T23:19:00+00:00,2026-09-10T23:51:03+00:00,north,north,1.56,1923,in_progress,24.7
T000030,V013,2026-09-03T19:40:00+00:00,2026-09-03T20:00:58+00:00,south,central,8.35,1258,cancelled,15.19
T000031,V005,2026-09-11T20:39:00+00:00,2026-09-11T21:00:03+00:00,west,central,2.21,1263,in_progress,64.96
T000032,V016,2026-09-01T16:03:00+00:00,2026-09-01T16:13:22+00:00,south,west,9.0,622,completed,56.74
T000033,V025,2026-09-02T16:01:00+00:00,2026-09-02T16:16:14+00:00,north,west,5.14,914,cancelled,21.4
T000034,V032,2026-09-13T23:31:00+00:00,2026-09-14T00:20:11+00:00,south,south,5.69,2951,completed,39.33
T000035,V021,2026-09-13T16:06:00+00:00,2026-09-13T16:14:09+00:00,north,north,10.72,489,in_progress,60.08
T000036,V004,2026-09-13T10:03:00+00:00,2026-09-13T10:17:44+00:00,central,north,15.4,884,completed,40.3
T000037,V008,2026-09-06T16:27:00+00:00,2026-09-06T16:58:33+00:00,central,south,10.63,1893,completed,41.78
T000038,V038,2026-09-10T20:57:00+00:00,2026-09-10T21:45:52+00:00,central,central,6.04,2932,cancelled,16.46
T000039,V017,2026-09-08T11:35:00+00:00,2026-09-08T11:55:17+00:00,west,south,12.25,1217,cancelled,31.89
T000040,V030,2026-09-02T23:37:00+00:00,2026-09-02T23:41:38+00:00,central,central,17.93,278,completed,36.8
T000041,V009,2026-09-12T20:16:00+00:00,2026-09-12T20:38:06+00:00,east,north,15.89,1326,cancelled,21.38
T000042,V020,2026-09-11T07:18:00+00:00,2026-09-11T07:59:05+00:00,central,central,0.64,2465,in_progress,22.26
T000043,V017,2026-09-03T16:34:00+00:00,2026-09-03T16:47:10+00:00,north,north,13.49,790,completed,20.61
T000044,V022,2026-09-15T02:19:00+00:00,2026-09-15T02:37:22+00:00,south,east,9.34,1102,cancelled,59.23
T000045,V028,2026-09-02T11:44:00+00:00,2026-09-02T11:54:18+00:00,east,north,0.56,618,completed,42.86
T000046,V029,2026-09-07T07:03:00+00:00,2026-09-07T07:18:01+00:00,central,west,10.32,901,completed,8.59
T000047,V003,2026-09-04T17:24:00+00:00,2026-09-04T18:05:14+00:00,east,central,10.17,2474,cancelled,11.77
T000048,V003,2026-09-08T08:21:00+00:00,2026-09-08T08:49:53+00:00,east,south,12.44,1733,in_progress,10.27
T000049,V040,2026-09-14T01:46:00+00:00,2026-09-14T02:17:44+00:00,south,south,15.63,1904,completed,57.77
T000050,V022,2026-09-01T21:32:00+00:00,2026-09-01T21:48:14+00:00,west,south,5.17,974,in_progress,10.59
T000051,V015,2026-09-02T05:08:00+00:00,2026-09-02T05:44:07+00:00,south,west,6.62,2167,completed,17.6
T000052,V022,2026-09-05T17:28:00+00:00,2026-09-05T17:59:12+00:00,east,north,17.42,1872,cancelled,25.42
T000053,V035,2026-09-12T22:12:00+00:00,2026-09-12T22:43:17+00:00,east,north,2.52,1877,cancelled,14.89
T000054,V007,2026-09-07T08:58:00+00:00,2026-09-07T09:04:36+00:00,central,west,6.55,396,cancelled,30.62
T000055,V025,2026-09-12T23:18:00+00:00,2026-09-12T23:29:53+00:00,central,south,4.96,713,in_progress,30.6
T000056,V035,2026-09-13T03:56:00+00:00,2026-09-13T04:55:03+00:00,south,east,8.05,3543,in_progress,60.17
T000057,V008,2026-09-08T11:26:00+00:00,2026-09-08T12:15:17+00:00,east,central,5.91,2957,cancelled,23.9
T000058,V009,2026-09-08T01:28:00+00:00,2026-09-08T02:09:50+00:00,south,west,12.14,2510,cancelled,45.32
T000059,V037,2026-09-05T07:02:00+00:00,2026-09-05T07:48:01+00:00,east,west,10.09,2761,completed,22.54
T000060,V038,2026-09-06T02:47:00+00:00,2026-09-06T03:20:20+00:00,central,east,8.64,2000,cancelled,45.21
T000061,V011,2026-09-12T23:10:00+00:00,2026-09-12T23:46:18+00:00,north,east,9.52,2178,in_progress,41.77
T000062,V016,2026-09-03T11:00:00+00:00,2026-09-03T11:59:52+00:00,east,south,14.61,3592,completed,5.49
T000063,V040,2026-09-06T21:43:00+00:00,2026-09-06T22:19:26+00:00,north,west,7.75,2186,in_progress,39.12
T000064,V026,2026-09-10T01:42:00+00:00,2026-09-10T02:19:44+00:00,south,south,11.98,2264,completed,58.45
T000065,V028,2026-09-03T18:12:00+00:00,2026-09-03T19:09:08+00:00,south,south,14.57,3428,in_progress,35.6
T000066,V016,2026-09-02T11:25:00+00:00,2026-09-02T12:07:03+00:00,north,west,2.83,2523,cancelled,44.72
T000067,V021,2026-09-14T01:14:00+00:00,2026-09-14T01:58:38+00:00,west,central,14.76,2678,in_progress,30.03
T000068,V011,2026-09-13T19:12:00+00:00,2026-09-13T19:46:26+00:00,west,west,5.04,2066,completed,55.23
T000069,V034,2026-09-07T15:26:00+00:00,2026-09-07T16:22:16+00:00,west,south,5.31,3376,completed,47.53
T000070,V022,2026-09-06T16:03:00+00:00,2026-09-06T16:25:32+00:00,east,central,1.91,1352,completed,18.11
T000071,V014,2026-09-04T19:27:00+00:00,2026-09-04T20:19:13+00:00,north,west,7.63,3133,in_progress,32.42
T000072,V027,2026-09-02T18:00:00+00:00,2026-09-02T18:18:07+00:00,west,central,17.06,1087,completed,56.26
T000073,V031,2026-09-14T10:24:00+00:00,2026-09-14T10:53:58+00:00,north,east,5.73,1798,cancelled,56.06
T000074,V035,2026-09-10T20:50:00+00:00,2026-09-10T21:30:44+00:00,central,south,9.04,2444,cancelled,30.59
T000075,V022,2026-09-01T23:51:00+00:00,2026-09-02T00:21:32+00:00,west,south,15.21,1832,completed,63.82
T000076,V026,2026-09-13T11:42:00+00:00,2026-09-13T11:47:50+00:00,central,central,12.1,350,completed,43.21
T000077,V012,2026-09-04T10:06:00+00:00,2026-09-04T10:41:31+00:00,north,east,7.13,2131,completed,31.74
T000078,V025,2026-09-09T00:19:00+00:00,2026-09-09T01:14:57+00:00,east,west,4.91,3357,completed,32.69
T000079,V023,2026-09-13T14:35:00+00:00,2026-09-13T14:42:33+00:00,south,north,14.17,453,in_progress,6.46
T000080,V013,2026-09-02T00:56:00+00:00,2026-09-02T01:16:52+00:00,north,central,3.17,1252,completed,32.89
T000081,V014,2026-09-03T22:28:00+00:00,2026-09-03T23:10:30+00:00,west,east,13.92,2550,completed,40.96
T000082,V011,2026-09-03T22:33:00+00:00,2026-09-03T23:30:05+00:00,east,north,10.63,3425,cancelled,39.12
T000083,V013,2026-09-09T20:58:00+00:00,2026-09-09T21:29:04+00:00,north,central,12.59,1864,in_progress,18.81
T000084,V039,2026-09-08T04:42:00+00:00,2026-09-08T05:32:42+00:00,north,central,14.2,3042,cancelled,36.5
T000085,V033,2026-09-09T18:22:00+00:00,2026-09-09T18:30:42+00:00,east,north,15.37,522,cancelled,10.44
T000086,V030,2026-09-09T13:48:00+00:00,2026-09-09T14:35:23+00:00,south,west,3.58,2843,in_progress,62.89
T000087,V035,2026-09-07T11:30:00+00:00,2026-09-07T12:16:02+00:00,west,west,8.12,2762,in_progress,40.14
T000088,V006,2026-09-08T16:01:00+00:00,2026-09-08T16:21:45+00:00,east,west,4.77,1245,cancelled,38.76
T000089,V002,2026-09-09T22:58:00+00:00,2026-09-09T23:24:57+00:00,west,east,3.68,1617,completed,25.64
T000090,V018,2026-09-07T05:05:00+00:00,2026-09-07T05:32:14+00:00,central,east,10.23,1634,in_progress,61.83
T000091,V027,2026-09-03T06:45:00+00:00,2026-09-03T07:05:28+00:00,west,central,13.77,1228,in_progress,33.04
T000092,V002,2026-09-12T12:03:00+00:00,2026-09-12T12:37:35+00:00,north,east,4.38,2075,in_progress,18.84
T000093,V031,2026-09-14T13:36:00+00:00,2026-09-14T14:05:11+00:00,central,central,6.52,1751,in_progress,37.57
T000094,V030,2026-09-09T08:08:00+00:00,2026-09-09T08:59:58+00:00,east,east,4.9,3118,completed,48.0
T000095,V035,2026-09-08T12:19:00+00:00,2026-09-08T12:31:09+00:00,south,south,4.29,729,cancelled,20.87
T000096,V034,2026-09-14T17:59:00+00:00,2026-09-14T18:54:53+00:00,central,east,17.66,3353,completed,22.07
T000097,V020,2026-09-09T13:05:00+00:00,2026-09-09T13:21:14+00:00,north,central,2.72,974,completed,63.43
T000098,V009,2026-09-13T22:12:00+00:00,2026-09-13T22:35:56+00:00,west,north,15.77,1436,in_progress,21.34
T000099,V022,2026-09-12T05:26:00+00:00,2026-09-12T06:00:04+00:00,south,north,4.92,2044,cancelled,10.96
T000100,V032,2026-09-02T19:41:00+00:00,2026-09-02T20:12:21+00:00,north,central,11.52,1881,completed,13.26
T000101,V006,2026-09-14T03:23:00+00:00,2026-09-14T03:47:44+00:00,south,north,10.27,1484,cancelled,40.99
T000102,V034,2026-09-06T11:15:00+00:00,2026-09-06T12:11:57+00:00,west,west,16.4,3417,cancelled,56.47
T000103,V037,2026-09-11T02:11:00+00:00,2026-09-11T02:35:50+00:00,central,north,11.17,1490,in_progress,10.05
T000104,V014,2026-09-06T01:28:00+00:00,2026-09-06T02:14:42+00:00,east,north,3.25,2802,completed,37.67
T000105,V027,2026-09-04T21:29:00+00:00,2026-09-04T21:33:10+00:00,west,central,8.72,250,completed,18.12
T000106,V030,2026-09-07T18:24:00+00:00,2026-09-07T19:15:59+00:00,north,south,16.67,3119,in_progress,39.98
T000107,V008,2026-09-05T20:02:00+00:00,2026-09-05T20:35:01+00:00,central,south,11.83,1981,cancelled,54.42
T000108,V011,2026-09-02T22:59:00+00:00,2026-09-02T23:07:04+00:00,east,central,13.61,484,in_progress,60.19
T000109,V030,2026-09-11T07:50:00+00:00,2026-09-11T08:02:29+00:00,east,west,17.0,749,in_progress,36.94
T000110,V039,2026-09-11T07:04:00+00:00,2026-09-11T07:13:29+00:00,north,west,13.35,569,in_progress,19.27
T000111,V037,2026-09-03T09:52:00+00:00,2026-09-03T10:11:37+00:00,central,north,17.99,1177,in_progress,54.11
T000112,V012,2026-09-14T10:42:00+00:00,2026-09-14T10:48:44+00:00,west,central,11.9,404,cancelled,15.07
T000113,V032,2026-09-14T15:40:00+00:00,2026-09-14T16:13:45+00:00,north,west,6.59,2025,cancelled,23.58
T000114,V022,2026-09-03T17:07:00+00:00,2026-09-03T17:21:58+00:00,west,west,5.54,898,cancelled,53.63
T000115,V030,2026-09-13T20:25:00+00:00,2026-09-13T20:31:30+00:00,north,east,4.92,390,completed,63.18
T000116,V001,2026-09-10T12:44:00+00:00,2026-09-10T13:23:07+00:00,central,west,7.73,2347,completed,35.62
T000117,V029,2026-09-12T16:14:00+00:00,2026-09-12T17:00:41+00:00,north,south,5.17,2801,completed,60.59
T000118,V032,2026-09-11T07:16:00+00:00,2026-09-11T08:07:40+00:00,north,north,17.53,3100,in_progress,52.76
T000119,V036,2026-09-04T22:29:00+00:00,2026-09-04T22:54:12+00:00,north,central,7.64,1512,completed,64.53
T000120,V008,2026-09-03T21:57:00+00:00,2026-09-03T22:32:30+00:00,south,west,16.82,2130,cancelled,35.04
T000121,V031,2026-09-07T13:19:00+00:00,2026-09-07T13:51:21+00:00,west,south,8.49,1941,completed,27.4
T000122,V009,2026-09-14T23:20:00+00:00,2026-09-14T23:58:41+00:00,north,east,14.02,2321,cancelled,24.73
T000123,V001,2026-09-12T21:17:00+00:00,2026-09-12T21:39:14+00:00,east,east,15.16,1334,in_progress,64.93
T000124,V029,2026-09-12T11:24:00+00:00,2026-09-12T11:38:08+00:00,central,west,6.54,848,in_progress,50.54
T000125,V021,2026-09-09T22:00:00+00:00,2026-09-09T22:35:05+00:00,south,south,10.51,2105,completed,56.22
T000126,V021,2026-09-10T16:20:00+00:00,2026-09-10T16:26:58+00:00,west,west,7.26,418,in_progress,52.34
T000127,V003,2026-09-04T19:04:00+00:00,2026-09-04T19:41:48+00:00,south,central,17.39,2268,cancelled,57.05
T000128,V034,2026-09-11T08:27:00+00:00,2026-09-11T08:37:48+00:00,west,north,13.14,648,cancelled,57.13
T000129,V031,2026-09-04T20:18:00+00:00,2026-09-04T20:27:06+00:00,east,east,11.41,546,cancelled,43.64
T000130,V035,2026-09-08T19:26:00+00:00,2026-09-08T20:16:02+00:00,west,east,11.47,3002,cancelled,57.22
T000131,V005,2026-09-02T03:36:00+00:00,2026-09-02T04:22:09+00:00,south,east,17.95,2769,in_progress,9.51
T000132,V007,2026-09-03T13:45:00+00:00,2026-09-03T14:40:54+00:00,west,south,12.65,3354,completed,6.81
T000133,V023,2026-09-02T14:38:00+00:00,2026-09-02T15:02:01+00:00,east,west,3.05,1441,in_progress,29.14
T000134,V012,2026-09-05T10:20:00+00:00,2026-09-05T10:35:36+00:00,north,central,15.74,936,in_progress,45.67
T000135,V010,2026-09-12T15:47:00+00:00,2026-09-12T16:30:48+00:00,south,west,11.66,2628,cancelled,19.57
T000136,V030,2026-09-01T13:07:00+00:00,2026-09-01T14:05:55+00:00,east,central,3.26,3535,cancelled,61.66
T000137,V028,2026-09-14T16:53:00+00:00,2026-09-14T17:17:25+00:00,east,west,15.29,1465,completed,64.96
T000138,V016,2026-09-12T07:53:00+00:00,2026-09-12T08:04:16+00:00,west,central,6.78,676,cancelled,64.55
T000139,V026,2026-09-08T01:14:00+00:00,2026-09-08T01:19:29+00:00,east,north,10.4,329,in_progress,51.48
T000140,V032,2026-09-02T10:47:00+00:00,2026-09-02T11:32:23+00:00,east,south,11.12,2723,cancelled,17.36
T000141,V017,2026-09-05T15:50:00+00:00,2026-09-05T16:36:23+00:00,south,north,16.31,2783,in_progress,6.4
T000142,V038,2026-09-11T08:44:00+00:00,2026-09-11T08:50:16+00:00,east,south,2.08,376,cancelled,23.93
T000143,V013,2026-09-10T18:55:00+00:00,2026-09-10T19:10:59+00:00,south,central,15.84,959,cancelled,36.38
T000144,V017,2026-09-07T12:50:00+00:00,2026-09-07T13:05:13+00:00,west,east,13.56,913,cancelled,53.06
T000145,V010,2026-09-11T23:46:00+00:00,2026-09-11T23:55:08+00:00,south,west,17.43,548,in_progress,26.31
T000146,V017,2026-09-10T07:29:00+00:00,2026-09-10T07:33:57+00:00,central,north,8.46,297,in_progress,49.69
T000147,V025,2026-09-07T07:10:00+00:00,2026-09-07T07:53:54+00:00,east,north,12.31,2634,cancelled,5.53
T000148,V040,2026-09-14T02:36:00+00:00,2026-09-14T03:02:23+00:00,south,north,11.62,1583,cancelled,59.47
T000149,V027,2026-09-08T05:02:00+00:00,2026-09-08T05:50:19+00:00,north,south,1.29,2899,completed,22.57
T000150,V007,2026-09-12T13:02:00+00:00,2026-09-12T13:13:55+00:00,south,central,2.87,715,cancelled,26.63
T000151,V038,2026-09-13T15:01:00+00:00,2026-09-13T15:33:36+00:00,south,west,11.96,1956,cancelled,41.55
T000152,V024,2026-09-07T16:46:00+00:00,2026-09-07T16:52:14+00:00,south,west,8.28,374,completed,56.18
T000153,V024,2026-09-03T14:15:00+00:00,2026-09-03T15:05:48+00:00,central,east,1.56,3048,cancelled,15.58
T000154,V006,2026-09-04T02:42:00+00:00,2026-09-04T03:17:02+00:00,south,central,17.49,2102,completed,51.99
T000155,V037,2026-09-06T21:01:00+00:00,2026-09-06T21:13:35+00:00,south,north,15.02,755,in_progress,16.64
T000156,V015,2026-09-06T05:56:00+00:00,2026-09-06T06:55:30+00:00,east,south,14.3,3570,in_progress,4.17
T000157,V035,2026-09-04T15:01:00+00:00,2026-09-04T15:13:52+00:00,east,south,2.42,772,completed,12.04
T000158,V016,2026-09-09T11:38:00+00:00,2026-09-09T12:35:55+00:00,central,east,0.78,3475,cancelled,7.2
T000159,V008,2026-09-10T21:54:00+00:00,2026-09-10T22:33:54+00:00,north,west,8.34,2394,cancelled,35.31
T000160,V033,2026-09-03T19:33:00+00:00,2026-09-03T20:07:51+00:00,south,central,1.26,2091,in_progress,35.81
T000161,V002,2026-09-11T18:09:00+00:00,2026-09-11T18:56:55+00:00,north,west,15.33,2875,cancelled,45.85
T000162,V029,2026-09-12T11:45:00+00:00,2026-09-12T12:37:37+00:00,north,north,6.14,3157,completed,8.01
T000163,V038,2026-09-07T14:11:00+00:00,2026-09-07T14:57:37+00:00,central,east,7.17,2797,in_progress,36.36
T000164,V039,2026-09-11T15:47:00+00:00,2026-09-11T16:25:30+00:00,west,north,14.38,2310,completed,56.02
T000165,V014,2026-09-13T21:06:00+00:00,2026-09-13T21:59:12+00:00,west,west,16.04,3192,cancelled,24.67
T000166,V027,2026-09-11T15:40:00+00:00,2026-09-11T16:11:13+00:00,north,east,7.97,1873,in_progress,19.55
T000167,V031,2026-09-04T19:21:00+00:00,2026-09-04T20:11:53+00:00,north,north,15.06,3053,completed,30.34
T000168,V009,2026-09-09T19:30:00+00:00,2026-09-09T20:29:25+00:00,central,north,10.76,3565,in_progress,38.26
T000169,V023,2026-09-04T02:45:00+00:00,2026-09-04T03:17:02+00:00,west,north,17.45,1922,in_progress,23.06
T000170,V033,2026-09-03T16:34:00+00:00,2026-09-03T17:17:27+00:00,south,south,11.99,2607,completed,55.68
T000171,V024,2026-09-09T07:12:00+00:00,2026-09-09T07:53:58+00:00,north,east,10.55,2518,cancelled,55.55
T000172,V036,2026-09-15T07:05:00+00:00,2026-09-15T07:55:04+00:00,north,central,16.76,3004,in_progress,20.31
T000173,V020,2026-09-05T10:31:00+00:00,2026-09-05T10:53:39+00:00,east,east,0.61,1359,completed,38.55
T000174,V010,2026-09-10T10:52:00+00:00,2026-09-10T11:00:45+00:00,north,north,13.56,525,completed,26.95
T000175,V011,2026-09-11T15:45:00+00:00,2026-09-11T16:12:16+00:00,east,east,13.13,1636,in_progress,40.37
T000176,V011,2026-09-02T12:43:00+00:00,2026-09-02T12:57:37+00:00,central,north,12.29,877,cancelled,31.03
T000177,V039,2026-09-10T23:34:00+00:00,2026-09-11T00:11:09+00:00,west,west,5.28,2229,in_progress,10.94
T000178,V019,2026-09-11T02:47:00+00:00,2026-09-11T02:58:34+00:00,central,west,9.72,694,cancelled,6.77
T000179,V004,2026-09-10T07:51:00+00:00,2026-09-10T08:35:54+00:00,north,south,5.77,2694,completed,50.81
T000180,V021,2026-09-07T03:32:00+00:00,2026-09-07T03:55:45+00:00,north,north,9.2,1425,cancelled,14.72
T000181,V015,2026-09-09T23:38:00+00:00,2026-09-10T00:18:21+00:00,central,central,15.08,2421,cancelled,8.4
T000182,V002,2026-09-02T07:06:00+00:00,2026-09-02T07:39:46+00:00,west,north,15.59,2026,in_progress,30.19
T000183,V027,2026-09-10T12:52:00+00:00,2026-09-10T13:44:26+00:00,east,north,7.59,3146,cancelled,14.48
T000184,V024,2026-09-11T19:16:00+00:00,2026-09-11T20:07:04+00:00,north,west,15.28,3064,completed,30.58
T000185,V006,2026-09-10T10:41:00+00:00,2026-09-10T11:20:46+00:00,west,east,13.55,2386,completed,24.32
T000186,V033,2026-09-05T03:49:00+00:00,2026-09-05T03:58:12+00:00,north,central,9.42,552,cancelled,25.42
T000187,V007,2026-09-04T16:39:00+00:00,2026-09-04T16:59:07+00:00,south,east,3.95,1207,in_progress,13.33
T000188,V032,2026-09-03T01:09:00+00:00,2026-09-03T01:25:05+00:00,west,central,13.8,965,cancelled,45.55
T000189,V040,2026-09-14T04:17:00+00:00,2026-09-14T05:04:53+00:00,east,east,3.14,2873,completed,32.6
T000190,V018,2026-09-08T05:22:00+00:00,2026-09-08T06:20:21+00:00,central,north,6.66,3501,completed,22.93
T000191,V004,2026-09-11T14:48:00+00:00,2026-09-11T14:54:34+00:00,east,east,1.84,394,completed,41.52
T000192,V030,2026-09-12T20:55:00+00:00,2026-09-12T21:25:14+00:00,central,central,17.2,1814,in_progress,58.65
T000193,V037,2026-09-11T13:36:00+00:00,2026-09-11T14:35:17+00:00,south,east,11.09,3557,in_progress,13.2
T000194,V007,2026-09-02T17:47:00+00:00,2026-09-02T18:21:45+00:00,east,north,9.33,2085,completed,6.39
T000195,V034,2026-09-11T07:04:00+00:00,2026-09-11T07:37:59+00:00,central,central,3.28,2039,cancelled,59.99
T000196,V022,2026-09-10T03:34:00+00:00,2026-09-10T04:05:54+00:00,central,north,14.31,1914,in_progress,24.41
T000197,V036,2026-09-08T20:03:00+00:00,2026-09-08T20:13:27+00:00,west,east,4.91,627,in_progress,62.83
T000198,V022,2026-09-15T01:09:00+00:00,2026-09-15T01:23:15+00:00,north,central,12.11,855,cancelled,22.92
T000199,V039,2026-09-10T06:03:00+00:00,2026-09-10T06:15:48+00:00,north,east,10.28,768,in_progress,52.29
T000200,V034,2026-09-04T05:47:00+00:00,2026-09-04T06:36:44+00:00,north,west,9.4,2984,completed,26.12
T000201,V022,2026-09-05T10:26:00+00:00,2026-09-05T10:44:37+00:00,west,south,4.46,1117,completed,13.45
T000202,V007,2026-09-08T01:32:00+00:00,2026-09-08T02:29:48+00:00,central,central,15.11,3468,in_progress,6.3
T000203,V040,2026-09-08T23:55:00+00:00,2026-09-09T00:51:18+00:00,south,central,7.09,3378,completed,15.03
T000204,V029,2026-09-05T02:24:00+00:00,2026-09-05T03:17:13+00:00,north,west,6.88,3193,in_progress,18.49
T000205,V019,2026-09-11T10:35:00+00:00,2026-09-11T11:20:40+00:00,west,south,9.85,2740,cancelled,62.9
T000206,V024,2026-09-12T00:08:00+00:00,2026-09-12T00:25:14+00:00,central,west,8.58,1034,cancelled,51.47
T000207,V027,2026-09-12T18:39:00+00:00,2026-09-12T19:19:00+00:00,south,south,14.52,2400,completed,57.25
T000208,V031,2026-09-02T12:29:00+00:00,2026-09-02T13:16:46+00:00,east,central,16.85,2866,in_progress,55.6
T000209,V006,2026-09-04T04:05:00+00:00,2026-09-04T04:28:27+00:00,south,east,8.36,1407,in_progress,12.99
T000210,V015,2026-09-11T06:55:00+00:00,2026-09-11T07:05:15+00:00,west,east,16.78,615,cancelled,7.25
T000211,V016,2026-09-12T18:09:00+00:00,2026-09-12T18:38:31+00:00,west,north,7.06,1771,completed,23.44
T000212,V022,2026-09-03T14:06:00+00:00,2026-09-03T14:58:47+00:00,south,south,1.17,3167,cancelled,46.46
T000213,V031,2026-09-04T11:47:00+00:00,2026-09-04T12:42:48+00:00,west,central,0.59,3348,completed,5.16
T000214,V036,2026-09-06T05:46:00+00:00,2026-09-06T06:00:12+00:00,central,central,7.91,852,cancelled,18.5
T000215,V016,2026-09-04T02:32:00+00:00,2026-09-04T02:39:15+00:00,west,central,8.5,435,completed,55.04
T000216,V035,2026-09-12T16:58:00+00:00,2026-09-12T17:42:44+00:00,north,central,10.56,2684,in_progress,12.76
T000217,V040,2026-09-11T02:25:00+00:00,2026-09-11T02:29:06+00:00,east,south,10.49,246,completed,44.53
T000218,V024,2026-09-03T06:45:00+00:00,2026-09-03T07:24:44+00:00,north,central,10.02,2384,in_progress,37.8
T000219,V003,2026-09-10T05:14:00+00:00,2026-09-10T05:50:05+00:00,west,east,4.94,2165,completed,25.78
T000220,V016,2026-09-02T20:53:00+00:00,2026-09-02T21:20:32+00:00,north,central,13.37,1652,cancelled,12.14
T000221,V022,2026-09-09T08:24:00+00:00,2026-09-09T09:05:16+00:00,south,west,17.66,2476,cancelled,42.54
T000222,V030,2026-09-04T09:38:00+00:00,2026-09-04T09:46:18+00:00,north,east,4.03,498,completed,58.03
T000223,V033,2026-09-08T12:21:00+00:00,2026-09-08T12:46:10+00:00,west,central,8.78,1510,completed,49.95
T000224,V023,2026-09-05T16:22:00+00:00,2026-09-05T16:45:31+00:00,north,east,5.28,1411,cancelled,30.65
T000225,V029,2026-09-10T10:27:00+00:00,2026-09-10T11:21:44+00:00,west,east,17.54,3284,cancelled,46.22
T000226,V034,2026-09-09T16:37:00+00:00,2026-09-09T17:35:25+00:00,east,north,13.22,3505,completed,30.27
T000227,V019,2026-09-05T10:33:00+00:00,2026-09-05T11:14:14+00:00,east,north,1.9,2474,in_progress,22.03
T000228,V028,2026-09-11T11:31:00+00:00,2026-09-11T12:16:08+00:00,south,west,6.65,2708,completed,48.34
T000229,V028,2026-09-09T08:32:00+00:00,2026-09-09T09:17:58+00:00,east,north,1.81,2758,in_progress,28.78
T000230,V011,2026-09-13T00:12:00+00:00,2026-09-13T01:10:41+00:00,north,south,15.35,3521,in_progress,51.66
T000231,V005,2026-09-02T03:00:00+00:00,2026-09-02T03:12:37+00:00,south,east,6.84,757,in_progress,5.98
T000232,V029,2026-09-04T19:47:00+00:00,2026-09-04T20:37:21+00:00,east,east,8.27,3021,completed,39.01
T000233,V026,2026-09-13T09:09:00+00:00,2026-09-13T09:38:03+00:00,east,east,4.87,1743,completed,5.58
T000234,V034,2026-09-05T13:36:00+00:00,2026-09-05T14:14:04+00:00,west,central,2.56,2284,cancelled,46.95
T000235,V019,2026-09-06T05:11:00+00:00,2026-09-06T05:56:46+00:00,west,south,2.65,2746,completed,31.57
T000236,V021,2026-09-11T11:05:00+00:00,2026-09-11T11:14:59+00:00,east,north,10.12,599,cancelled,58.37
T000237,V012,2026-09-04T22:01:00+00:00,2026-09-04T22:53:35+00:00,east,central,4.42,3155,completed,52.32
T000238,V032,2026-09-06T17:17:00+00:00,2026-09-06T18:14:57+00:00,north,east,10.2,3477,cancelled,32.51
T000239,V040,2026-09-13T21:16:00+00:00,2026-09-13T21:28:51+00:00,north,north,5.91,771,in_progress,47.85
T000240,V027,2026-09-13T07:05:00+00:00,2026-09-13T07:37:02+00:00,central,north,2.69,1922,cancelled,43.18
T000241,V034,2026-09-11T13:44:00+00:00,2026-09-11T14:19:48+00:00,east,south,15.86,2148,in_progress,43.03
T000242,V009,2026-09-05T11:22:00+00:00,2026-09-05T12:18:24+00:00,west,central,16.44,3384,completed,54.71
T000243,V020,2026-09-13T02:57:00+00:00,2026-09-13T03:11:26+00:00,south,south,6.15,866,in_progress,17.75
T000244,V006,2026-09-13T03:23:00+00:00,2026-09-13T03:46:23+00:00,east,south,11.61,1403,in_progress,20.74
T000245,V035,2026-09-08T05:22:00+00:00,2026-09-08T06:07:56+00:00,north,central,11.72,2756,in_progress,61.44
T000246,V040,2026-09-04T20:12:00+00:00,2026-09-04T20:27:41+00:00,central,east,15.24,941,in_progress,6.51
T000247,V003,2026-09-01T23:29:00+00:00,2026-09-01T23:38:32+00:00,central,east,11.89,572,in_progress,29.41
T000248,V035,2026-09-02T00:32:00+00:00,2026-09-02T01:09:59+00:00,east,east,8.95,2279,in_progress,28.77
T000249,V004,2026-09-11T15:41:00+00:00,2026-09-11T15:49:58+00:00,south,west,7.77,538,cancelled,16.45
T000250,V021,2026-09-15T03:19:00+00:00,2026-09-15T03:32:48+00:00,east,east,17.57,828,completed,50.4
T000251,V007,2026-09-13T01:14:00+00:00,2026-09-13T01:56:20+00:00,east,south,8.66,2540,cancelled,31.43
T000252,V004,2026-09-04T12:56:00+00:00,2026-09-04T13:06:36+00:00,east,west,15.62,636,cancelled,19.14
T000253,V021,2026-09-04T23:13:00+00:00,2026-09-05T00:12:32+00:00,central,east,3.82,3572,completed,34.39
T000254,V032,2026-09-13T01:06:00+00:00,2026-09-13T01:41:52+00:00,east,west,0.91,2152,cancelled,34.83
T000255,V038,2026-09-06T19:28:00+00:00,2026-09-06T19:46:41+00:00,east,north,1.38,1121,cancelled,40.45
T000256,V035,2026-09-12T01:00:00+00:00,2026-09-12T01:23:30+00:00,north,north,8.04,1410,cancelled,48.38
T000257,V003,2026-09-10T12:13:00+00:00,2026-09-10T12:41:58+00:00,west,north,10.48,1738,completed,26.11
T000258,V025,2026-09-07T21:36:00+00:00,2026-09-07T21:45:01+00:00,central,west,13.88,541,cancelled,54.34
T000259,V009,2026-09-15T05:42:00+00:00,2026-09-15T05:54:06+00:00,north,west,7.03,726,cancelled,38.03
T000260,V010,2026-09-09T15:40:00+00:00,2026-09-09T16:35:32+00:00,south,central,9.41,3332,in_progress,6.46
T000261,V022,2026-09-02T05:15:00+00:00,2026-09-02T05:28:21+00:00,west,central,8.5,801,in_progress,58.48
T000262,V040,2026-09-04T12:20:00+00:00,2026-09-04T12:46:23+00:00,east,south,7.38,1583,in_progress,49.1
T000263,V022,2026-09-08T03:25:00+00:00,2026-09-08T04:09:31+00:00,central,central,9.82,2671,in_progress,38.34
T000264,V002,2026-09-12T03:21:00+00:00,2026-09-12T04:20:41+00:00,east,east,12.29,3581,cancelled,39.61
T000265,V031,2026-09-01T22:33:00+00:00,2026-09-01T23:17:44+00:00,east,central,10.61,2684,in_progress,7.13
T000266,V034,2026-09-12T06:23:00+00:00,2026-09-12T06:38:38+00:00,central,west,3.09,938,in_progress,18.77
T000267,V008,2026-09-14T08:41:00+00:00,2026-09-14T09:32:49+00:00,south,north,8.22,3109,cancelled,13.24
T000268,V033,2026-09-05T23:21:00+00:00,2026-09-05T23:53:00+00:00,central,west,15.77,1920,in_progress,48.37
T000269,V014,2026-09-04T11:24:00+00:00,2026-09-04T12:03:24+00:00,central,east,17.97,2364,cancelled,36.05
T000270,V030,2026-09-08T11:21:00+00:00,2026-09-08T11:36:49+00:00,central,east,10.06,949,in_progress,51.09
T000271,V031,2026-09-07T08:22:00+00:00,2026-09-07T09:07:38+00:00,south,south,5.38,2738,cancelled,17.72
T000272,V019,2026-09-08T02:32:00+00:00,2026-09-08T03:28:38+00:00,south,west,6.05,3398,cancelled,38.19
T000273,V008,2026-09-07T13:20:00+00:00,2026-09-07T13:43:38+00:00,central,central,7.14,1418,cancelled,53.92
T000274,V003,2026-09-04T15:59:00+00:00,2026-09-04T16:22:49+00:00,east,north,6.56,1429,cancelled,44.01
T000275,V013,2026-09-12T05:38:00+00:00,2026-09-12T05:56:36+00:00,central,east,16.83,1116,in_progress,20.57
T000276,V038,2026-09-03T19:39:00+00:00,2026-09-03T20:25:01+00:00,south,south,1.39,2761,in_progress,17.77
T000277,V007,2026-09-06T15:09:00+00:00,2026-09-06T15:16:35+00:00,west,east,13.05,455,completed,45.55
T000278,V036,2026-09-04T11:04:00+00:00,2026-09-04T11:08:21+00:00,south,west,11.93,261,cancelled,33.12
T000279,V019,2026-09-05T20:55:00+00:00,2026-09-05T21:50:36+00:00,east,east,11.8,3336,completed,43.79
T000280,V003,2026-09-06T14:49:00+00:00,2026-09-06T15:29:31+00:00,south,west,15.94,2431,completed,60.97
T000281,V032,2026-09-02T03:50:00+00:00,2026-09-02T04:21:06+00:00,south,east,15.84,1866,completed,22.2
T000282,V022,2026-09-15T01:11:00+00:00,2026-09-15T01:22:19+00:00,east,west,17.81,679,in_progress,35.98
T000283,V030,2026-09-04T09:17:00+00:00,2026-09-04T09:55:25+00:00,east,south,14.65,2305,cancelled,13.91
T000284,V017,2026-09-11T18:37:00+00:00,2026-09-11T19:25:15+00:00,south,north,13.39,2895,cancelled,38.63
T000285,V040,2026-09-05T17:29:00+00:00,2026-09-05T17:44:58+00:00,west,west,9.52,958,completed,28.45
T000286,V009,2026-09-03T12:05:00+00:00,2026-09-03T12:21:36+00:00,west,east,16.88,996,completed,19.91
T000287,V018,2026-09-06T16:37:00+00:00,2026-09-06T17:11:29+00:00,east,east,10.69,2069,in_progress,4.7
T000288,V016,2026-09-09T12:21:00+00:00,2026-09-09T13:12:17+00:00,north,north,8.64,3077,completed,28.73
T000289,V020,2026-09-12T18:26:00+00:00,2026-09-12T19:18:01+00:00,north,east,6.93,3121,completed,17.37
T000290,V010,2026-09-04T08:56:00+00:00,2026-09-04T09:32:38+00:00,west,central,7.04,2198,in_progress,37.5
T000291,V035,2026-09-12T01:08:00+00:00,2026-09-12T02:03:42+00:00,south,south,12.41,3342,in_progress,57.26
T000292,V029,2026-09-03T04:42:00+00:00,2026-09-03T05:21:52+00:00,central,east,1.87,2392,in_progress,10.84
T000293,V013,2026-09-13T19:05:00+00:00,2026-09-13T19:43:30+00:00,central,central,3.12,2310,cancelled,56.12
T000294,V014,2026-09-11T09:18:00+00:00,2026-09-11T09:29:56+00:00,central,west,2.09,716,in_progress,31.17
T000295,V009,2026-09-02T14:23:00+00:00,2026-09-02T14:57:57+00:00,central,west,8.49,2097,completed,38.09
T000296,V002,2026-09-08T08:18:00+00:00,2026-09-08T09:11:22+00:00,west,east,14.79,3202,in_progress,17.29
T000297,V028,2026-09-02T23:53:00+00:00,2026-09-03T00:00:05+00:00,east,north,9.97,425,completed,61.01
T000298,V003,2026-09-02T21:41:00+00:00,2026-09-02T22:17:13+00:00,east,west,3.65,2173,completed,50.72
T000299,V025,2026-09-10T21:34:00+00:00,2026-09-10T22:03:33+00:00,west,west,7.07,1773,in_progress,62.81
T000300,V023,2026-09-13T14:31:00+00:00,2026-09-13T14:44:04+00:00,north,south,17.87,784,cancelled,36.26
T000301,V002,2026-09-06T09:37:00+00:00,2026-09-06T09:41:14+00:00,east,west,12.29,254,in_progress,29.87
T000302,V016,2026-09-09T23:08:00+00:00,2026-09-09T23:27:40+00:00,west,east,3.21,1180,completed,61.18
T000303,V027,2026-09-03T21:37:00+00:00,2026-09-03T21:43:11+00:00,central,north,4.71,371,completed,10.15
T000304,V039,2026-09-02T02:20:00+00:00,2026-09-02T02:54:28+00:00,north,south,13.46,2068,cancelled,30.78
T000305,V004,2026-09-13T14:46:00+00:00,2026-09-13T15:04:49+00:00,south,central,17.89,1129,completed,53.76
T000306,V037,2026-09-14T10:37:00+00:00,2026-09-14T11:02:46+00:00,central,east,4.65,1546,completed,64.13
T000307,V027,2026-09-13T04:40:00+00:00,2026-09-13T04:59:05+00:00,east,east,1.57,1145,in_progress,57.66
T000308,V028,2026-09-05T07:38:00+00:00,2026-09-05T08:24:44+00:00,central,west,1.32,2804,cancelled,61.44
T000309,V034,2026-09-10T00:09:00+00:00,2026-09-10T01:06:38+00:00,east,west,7.64,3458,cancelled,26.96
T000310,V016,2026-09-13T13:46:00+00:00,2026-09-13T14:22:19+00:00,south,east,15.51,2179,completed,53.15
T000311,V027,2026-09-02T15:28:00+00:00,2026-09-02T16:10:23+00:00,west,central,9.77,2543,cancelled,18.81
T000312,V006,2026-09-05T23:02:00+00:00,2026-09-05T23:28:32+00:00,west,east,2.12,1592,in_progress,54.59
T000313,V025,2026-09-02T12:08:00+00:00,2026-09-02T12:30:19+00:00,central,central,1.19,1339,completed,15.48
T000314,V036,2026-09-14T16:53:00+00:00,2026-09-14T17:46:26+00:00,south,west,4.16,3206,cancelled,22.49
T000315,V013,2026-09-01T16:22:00+00:00,2026-09-01T16:40:27+00:00,north,west,16.5,1107,in_progress,40.87
T000316,V016,2026-09-05T23:41:00+00:00,2026-09-06T00:12:04+00:00,central,east,14.07,1864,cancelled,32.44
T000317,V017,2026-09-09T12:12:00+00:00,2026-09-09T12:37:03+00:00,east,central,15.95,1503,cancelled,10.02
T000318,V021,2026-09-12T00:24:00+00:00,2026-09-12T01:19:59+00:00,south,east,5.98,3359,completed,38.31
T000319,V010,2026-09-06T08:50:00+00:00,2026-09-06T09:44:36+00:00,north,east,10.18,3276,in_progress,39.33
T000320,V010,2026-09-10T20:03:00+00:00,2026-09-10T20:27:09+00:00,south,east,4.53,1449,in_progress,54.84
T000321,V022,2026-09-12T16:41:00+00:00,2026-09-12T17:22:35+00:00,east,west,17.41,2495,in_progress,49.12
T000322,V023,2026-09-11T19:40:00+00:00,2026-09-11T19:55:29+00:00,south,south,13.11,929,cancelled,15.23
T000323,V004,2026-09-13T16:04:00+00:00,2026-09-13T16:51:48+00:00,central,north,15.18,2868,completed,61.66
T000324,V001,2026-09-02T10:29:00+00:00,2026-09-02T11:25:10+00:00,west,south,15.24,3370,completed,8.15
T000325,V014,2026-09-04T18:28:00+00:00,2026-09-04T18:32:37+00:00,central,west,7.03,277,in_progress,42.9
T000326,V032,2026-09-12T07:53:00+00:00,2026-09-12T08:42:00+00:00,north,north,9.81,2940,cancelled,4.72
T000327,V018,2026-09-13T09:07:00+00:00,2026-09-13T10:00:18+00:00,central,east,0.8,3198,in_progress,45.12
T000328,V007,2026-09-05T09:54:00+00:00,2026-09-05T10:05:18+00:00,central,south,4.72,678,in_progress,36.11
T000329,V026,2026-09-09T09:34:00+00:00,2026-09-09T09:56:14+00:00,north,east,17.29,1334,cancelled,38.47
T000330,V006,2026-09-06T11:20:00+00:00,2026-09-06T11:44:28+00:00,north,north,7.59,1468,cancelled,37.71
T000331,V001,2026-09-02T14:38:00+00:00,2026-09-02T15:25:28+00:00,south,north,9.25,2848,cancelled,43.34
T000332,V007,2026-09-08T20:55:00+00:00,2026-09-08T21:37:37+00:00,central,north,4.52,2557,in_progress,58.14
T000333,V003,2026-09-12T03:41:00+00:00,2026-09-12T04:03:30+00:00,north,east,16.24,1350,in_progress,44.14
T000334,V002,2026-09-05T09:57:00+00:00,2026-09-05T10:22:28+00:00,south,central,3.02,1528,in_progress,54.08
T000335,V011,2026-09-03T02:01:00+00:00,2026-09-03T02:25:25+00:00,central,south,10.42,1465,cancelled,45.3
T000336,V025,2026-09-13T15:13:00+00:00,2026-09-13T15:39:38+00:00,south,north,9.26,1598,cancelled,7.28
T000337,V005,2026-09-11T06:42:00+00:00,2026-09-11T07:01:50+00:00,east,central,13.96,1190,in_progress,28.2
T000338,V018,2026-09-08T18:14:00+00:00,2026-09-08T18:20:01+00:00,west,west,4.49,361,in_progress,61.41
T000339,V038,2026-09-11T03:50:00+00:00,2026-09-11T04:06:40+00:00,west,north,14.01,1000,cancelled,52.68
T000340,V018,2026-09-03T00:08:00+00:00,2026-09-03T00:17:36+00:00,south,west,12.95,576,in_progress,13.41
T000341,V024,2026-09-10T04:47:00+00:00,2026-09-10T05:12:37+00:00,north,north,0.59,1537,cancelled,31.13
T000342,V009,2026-09-07T11:19:00+00:00,2026-09-07T11:29:58+00:00,north,south,8.04,658,in_progress,37.84
T000343,V002,2026-09-10T14:50:00+00:00,2026-09-10T15:01:03+00:00,north,east,10.2,663,in_progress,40.48
T000344,V001,2026-09-08T17:10:00+00:00,2026-09-08T17:40:17+00:00,east,west,7.29,1817,completed,48.22
T000345,V037,2026-09-14T01:34:00+00:00,2026-09-14T01:54:34+00:00,central,south,12.49,1234,completed,12.47
T000346,V032,2026-09-08T04:27:00+00:00,2026-09-08T04:49:19+00:00,south,north,3.43,1339,cancelled,29.69
T000347,V005,2026-09-12T08:27:00+00:00,2026-09-12T09:24:25+00:00,east,east,17.02,3445,in_progress,42.13
T000348,V013,2026-09-14T20:17:00+00:00,2026-09-14T21:03:05+00:00,west,north,2.87,2765,completed,61.88
T000349,V025,2026-09-08T21:26:00+00:00,2026-09-08T22:12:20+00:00,east,west,6.36,2780,in_progress,63.43
T000350,V021,2026-09-04T10:20:00+00:00,2026-09-04T10:44:30+00:00,central,south,8.88,1470,completed,62.84
T000351,V032,2026-09-08T14:17:00+00:00,2026-09-08T14:40:53+00:00,central,south,6.2,1433,cancelled,53.81
T000352,V008,2026-09-10T06:35:00+00:00,2026-09-10T07:03:55+00:00,central,south,10.86,1735,in_progress,14.98
T000353,V030,2026-09-13T20:25:00+00:00,2026-09-13T20:30:50+00:00,south,west,14.46,350,in_progress,8.22
T000354,V032,2026-09-10T15:26:00+00:00,2026-09-10T16:15:56+00:00,south,east,4.74,2996,in_progress,13.4
T000355,V025,2026-09-10T23:05:00+00:00,2026-09-11T00:02:52+00:00,north,west,17.84,3472,cancelled,39.52
T000356,V027,2026-09-13T11:50:00+00:00,2026-09-13T12:28:35+00:00,central,north,14.34,2315,cancelled,46.8
T000357,V006,2026-09-13T13:13:00+00:00,2026-09-13T13:57:32+00:00,north,south,12.01,2672,cancelled,14.15
T000358,V037,2026-09-15T06:36:00+00:00,2026-09-15T06:43:01+00:00,west,east,17.4,421,cancelled,10.46
T000359,V015,2026-09-03T13:51:00+00:00,2026-09-03T14:12:39+00:00,central,central,10.26,1299,in_progress,39.09
T000360,V026,2026-09-11T11:27:00+00:00,2026-09-11T11:56:32+00:00,west,central,12.58,1772,completed,25.04
T000361,V007,2026-09-01T21:24:00+00:00,2026-09-01T22:00:57+00:00,east,west,16.61,2217,completed,11.08
T000362,V020,2026-09-04T13:22:00+00:00,2026-09-04T13:49:46+00:00,east,west,14.22,1666,in_progress,33.46
T000363,V029,2026-09-12T04:02:00+00:00,2026-09-12T04:12:39+00:00,west,east,1.68,639,completed,53.42
T000364,V022,2026-09-03T22:51:00+00:00,2026-09-03T22:56:32+00:00,north,south,16.77,332,in_progress,18.88
T000365,V011,2026-09-05T07:16:00+00:00,2026-09-05T07:57:40+00:00,east,central,7.96,2500,cancelled,18.14
T000366,V012,2026-09-10T13:12:00+00:00,2026-09-10T13:58:59+00:00,south,west,7.42,2819,in_progress,41.46
T000367,V038,2026-09-05T19:45:00+00:00,2026-09-05T20:19:41+00:00,west,west,0.58,2081,completed,16.55
T000368,V007,2026-09-02T18:10:00+00:00,2026-09-02T18:53:24+00:00,central,south,6.9,2604,completed,31.91
T000369,V032,2026-09-07T07:16:00+00:00,2026-09-07T08:05:47+00:00,central,east,10.95,2987,in_progress,27.95
T000370,V023,2026-09-03T22:23:00+00:00,2026-09-03T22:50:45+00:00,west,central,3.52,1665,in_progress,47.07
T000371,V038,2026-09-08T02:26:00+00:00,2026-09-08T03:11:56+00:00,north,south,5.98,2756,completed,22.63
T000372,V010,2026-09-05T11:58:00+00:00,2026-09-05T12:27:29+00:00,central,west,7.82,1769,completed,39.06
T000373,V032,2026-09-10T23:02:00+00:00,2026-09-10T23:18:40+00:00,central,south,10.21,1000,cancelled,21.62
T000374,V029,2026-09-05T14:10:00+00:00,2026-09-05T14:35:28+00:00,central,north,15.65,1528,completed,33.56
T000375,V025,2026-09-05T18:33:00+00:00,2026-09-05T19:32:39+00:00,central,central,11.93,3579,cancelled,45.77
T000376,V029,2026-09-10T18:59:00+00:00,2026-09-10T19:51:28+00:00,west,south,1.95,3148,completed,52.55
T000377,V003,2026-09-06T08:26:00+00:00,2026-09-06T08:49:56+00:00,east,south,9.91,1436,completed,51.63
T000378,V032,2026-09-14T04:55:00+00:00,2026-09-14T05:49:41+00:00,central,central,2.48,3281,completed,20.34
T000379,V035,2026-09-13T16:36:00+00:00,2026-09-13T17:05:02+00:00,north,west,10.06,1742,cancelled,10.25
T000380,V003,2026-09-06T23:11:00+00:00,2026-09-06T23:35:19+00:00,west,east,6.6,1459,completed,30.78
T000381,V016,2026-09-04T00:06:00+00:00,2026-09-04T01:02:56+00:00,south,central,12.56,3416,in_progress,41.23
T000382,V040,2026-09-11T01:50:00+00:00,2026-09-11T02:05:19+00:00,south,south,14.74,919,completed,38.77
T000383,V039,2026-09-13T10:41:00+00:00,2026-09-13T11:04:11+00:00,central,south,6.16,1391,in_progress,21.85
T000384,V033,2026-09-14T08:47:00+00:00,2026-09-14T09:09:15+00:00,north,south,17.35,1335,cancelled,60.04
T000385,V009,2026-09-07T15:27:00+00:00,2026-09-07T16:15:46+00:00,south,south,3.06,2926,cancelled,54.54
T000386,V010,2026-09-10T06:28:00+00:00,2026-09-10T07:05:24+00:00,central,east,11.49,2244,cancelled,31.57
T000387,V033,2026-09-03T10:50:00+00:00,2026-09-03T11:21:30+00:00,east,east,8.46,1890,cancelled,23.96
T000388,V006,2026-09-01T09:21:00+00:00,2026-09-01T10:17:50+00:00,west,east,15.38,3410,in_progress,28.26
T000389,V032,2026-09-11T02:38:00+00:00,2026-09-11T02:56:27+00:00,east,east,15.0,1107,cancelled,37.39
T000390,V032,2026-09-04T07:19:00+00:00,2026-09-04T08:01:38+00:00,east,north,1.3,2558,in_progress,51.82
T000391,V008,2026-09-11T18:59:00+00:00,2026-09-11T19:04:06+00:00,south,west,8.49,306,cancelled,16.34
T000392,V020,2026-09-04T08:02:00+00:00,2026-09-04T08:50:22+00:00,south,east,2.13,2902,cancelled,19.27
T000393,V011,2026-09-09T19:04:00+00:00,2026-09-09T19:53:21+00:00,north,west,11.45,2961,in_progress,46.67
T000394,V006,2026-09-06T15:52:00+00:00,2026-09-06T16:25:18+00:00,north,north,4.23,1998,completed,12.09
T000395,V029,2026-09-06T11:31:00+00:00,2026-09-06T12:10:27+00:00,north,north,12.67,2367,completed,64.28
T000396,V009,2026-09-10T22:38:00+00:00,2026-09-10T23:29:22+00:00,west,north,4.51,3082,completed,48.58
T000397,V021,2026-09-03T15:56:00+00:00,2026-09-03T16:07:02+00:00,east,east,2.9,662,completed,43.14
T000398,V034,2026-09-04T14:01:00+00:00,2026-09-04T14:09:40+00:00,central,north,11.18,520,completed,30.85
T000399,V010,2026-09-06T04:21:00+00:00,2026-09-06T05:07:52+00:00,west,central,12.51,2812,completed,9.29
T000400,V008,2026-09-03T14:52:00+00:00,2026-09-03T15:05:33+00:00,central,west,6.65,813,cancelled,23.18
T000401,V018,2026-09-04T12:21:00+00:00,2026-09-04T12:41:54+00:00,north,south,10.18,1254,in_progress,47.99
T000402,V002,2026-09-07T19:36:00+00:00,2026-09-07T20:33:10+00:00,east,south,9.56,3430,in_progress,15.51
T000403,V004,2026-09-10T05:56:00+00:00,2026-09-10T06:20:10+00:00,south,west,7.25,1450,completed,34.47
T000404,V034,2026-09-14T20:21:00+00:00,2026-09-14T20:29:50+00:00,north,east,16.84,530,completed,27.6
T000405,V024,2026-09-14T06:24:00+00:00,2026-09-14T06:56:43+00:00,central,south,13.85,1963,completed,5.02
T000406,V017,2026-09-02T20:52:00+00:00,2026-09-02T20:56:56+00:00,south,north,16.65,296,cancelled,34.9
T000407,V027,2026-09-12T17:38:00+00:00,2026-09-12T18:34:22+00:00,west,west,1.94,3382,in_progress,36.8
T000408,V006,2026-09-04T19:23:00+00:00,2026-09-04T19:45:56+00:00,east,north,9.45,1376,completed,63.43
T000409,V021,2026-09-04T20:51:00+00:00,2026-09-04T21:31:37+00:00,west,central,11.6,2437,in_progress,45.54
T000410,V028,2026-09-02T20:06:00+00:00,2026-09-02T20:31:10+00:00,south,north,4.78,1510,cancelled,11.08
T000411,V004,2026-09-15T06:23:00+00:00,2026-09-15T07:08:33+00:00,east,south,2.59,2733,in_progress,12.37
T000412,V032,2026-09-01T14:11:00+00:00,2026-09-01T14:26:11+00:00,east,central,9.55,911,in_progress,19.81
T000413,V018,2026-09-09T19:05:00+00:00,2026-09-09T19:17:39+00:00,north,north,6.36,759,cancelled,20.59
T000414,V037,2026-09-02T18:52:00+00:00,2026-09-02T19:13:57+00:00,north,west,8.47,1317,cancelled,7.38
T000415,V024,2026-09-14T05:35:00+00:00,2026-09-14T05:50:23+00:00,south,east,14.03,923,in_progress,45.12
T000416,V033,2026-09-03T22:59:00+00:00,2026-09-03T23:18:35+00:00,north,north,15.53,1175,completed,18.92
T000417,V025,2026-09-12T01:38:00+00:00,2026-09-12T02:06:50+00:00,south,south,16.8,1730,completed,37.72
T000418,V021,2026-09-10T21:01:00+00:00,2026-09-10T21:20:19+00:00,south,west,16.53,1159,cancelled,20.55
T000419,V024,2026-09-03T02:32:00+00:00,2026-09-03T03:15:01+00:00,north,central,12.28,2581,completed,14.94
T000420,V026,2026-09-13T01:40:00+00:00,2026-09-13T01:47:08+00:00,north,west,15.66,428,cancelled,23.97
T000421,V001,2026-09-13T22:03:00+00:00,2026-09-13T22:38:10+00:00,east,south,5.6,2110,cancelled,49.11
T000422,V024,2026-09-06T20:28:00+00:00,2026-09-06T21:03:40+00:00,central,west,17.96,2140,completed,48.68
T000423,V016,2026-09-13T18:29:00+00:00,2026-09-13T19:24:54+00:00,south,north,16.82,3354,completed,18.21
T000424,V001,2026-09-09T05:11:00+00:00,2026-09-09T05:58:24+00:00,east,north,13.78,2844,cancelled,55.79
T000425,V014,2026-09-08T07:56:00+00:00,2026-09-08T08:07:05+00:00,central,south,7.85,665,completed,63.33
T000426,V018,2026-09-04T13:45:00+00:00,2026-09-04T14:37:34+00:00,north,north,16.62,3154,in_progress,29.2
T000427,V006,2026-09-09T19:25:00+00:00,2026-09-09T20:00:17+00:00,central,north,9.34,2117,in_progress,54.02
T000428,V037,2026-09-03T00:52:00+00:00,2026-09-03T01:36:24+00:00,north,west,12.09,2664,completed,18.44
T000429,V026,2026-09-07T06:32:00+00:00,2026-09-07T06:57:30+00:00,east,east,8.42,1530,completed,8.56
T000430,V038,2026-09-05T22:42:00+00:00,2026-09-05T22:55:17+00:00,north,south,2.35,797,cancelled,32.43
T000431,V035,2026-09-10T14:00:00+00:00,2026-09-10T14:12:14+00:00,east,south,8.41,734,cancelled,20.17
T000432,V011,2026-09-04T01:29:00+00:00,2026-09-04T01:39:10+00:00,east,central,1.21,610,cancelled,13.05
T000433,V026,2026-09-06T23:33:00+00:00,2026-09-07T00:01:17+00:00,central,north,12.35,1697,cancelled,54.03
T000434,V026,2026-09-05T06:57:00+00:00,2026-09-05T07:03:07+00:00,west,central,13.59,367,completed,9.78
T000435,V009,2026-09-03T15:39:00+00:00,2026-09-03T16:37:52+00:00,north,north,1.58,3532,completed,11.97
T000436,V006,2026-09-10T10:46:00+00:00,2026-09-10T11:15:24+00:00,central,central,5.03,1764,completed,5.33
T000437,V029,2026-09-02T19:12:00+00:00,2026-09-02T19:29:29+00:00,south,north,16.34,1049,cancelled,11.47
T000438,V011,2026-09-11T19:45:00+00:00,2026-09-11T19:52:27+00:00,central,west,14.88,447,cancelled,34.26
T000439,V028,2026-09-10T01:01:00+00:00,2026-09-10T01:51:38+00:00,south,east,4.26,3038,completed,20.77
T000440,V003,2026-09-11T11:34:00+00:00,2026-09-11T11:48:08+00:00,central,central,11.3,848,in_progress,22.0
T000441,V031,2026-09-10T17:00:00+00:00,2026-09-10T17:41:35+00:00,north,north,5.4,2495,completed,29.57
T000442,V035,2026-09-13T07:09:00+00:00,2026-09-13T07:30:00+00:00,north,west,14.18,1260,cancelled,33.26
T000443,V037,2026-09-12T08:41:00+00:00,2026-09-12T09:08:29+00:00,central,east,7.3,1649,completed,5.59
T000444,V002,2026-09-14T22:06:00+00:00,2026-09-14T22:24:57+00:00,east,north,14.65,1137,cancelled,36.3
T000445,V011,2026-09-14T14:56:00+00:00,2026-09-14T15:15:53+00:00,north,south,12.0,1193,cancelled,36.56
T000446,V015,2026-09-02T14:32:00+00:00,2026-09-02T15:28:09+00:00,central,west,6.71,3369,completed,14.74
T000447,V023,2026-09-14T19:35:00+00:00,2026-09-14T20:00:42+00:00,central,north,12.81,1542,cancelled,61.8
T000448,V037,2026-09-14T03:48:00+00:00,2026-09-14T04:01:42+00:00,south,west,9.99,822,completed,33.92
T000449,V015,2026-09-03T09:17:00+00:00,2026-09-03T09:24:50+00:00,central,south,0.85,470,cancelled,4.04
T000450,V009,2026-09-15T07:23:00+00:00,2026-09-15T07:40:45+00:00,east,south,16.58,1065,cancelled,7.63
T000451,V010,2026-09-04T16:40:00+00:00,2026-09-04T17:24:02+00:00,north,central,15.56,2642,completed,26.79
T000452,V007,2026-09-10T08:02:00+00:00,2026-09-10T08:46:00+00:00,east,east,6.15,2640,completed,48.67
T000453,V032,2026-09-11T06:35:00+00:00,2026-09-11T07:33:03+00:00,east,south,12.88,3483,in_progress,46.31
T000454,V023,2026-09-15T07:10:00+00:00,2026-09-15T08:07:43+00:00,south,central,14.75,3463,cancelled,22.72
T000455,V012,2026-09-08T00:50:00+00:00,2026-09-08T01:02:41+00:00,north,central,7.35,761,in_progress,5.98
T000456,V040,2026-09-15T00:59:00+00:00,2026-09-15T01:24:43+00:00,south,central,2.32,1543,cancelled,12.58
T000457,V023,2026-09-03T02:29:00+00:00,2026-09-03T02:49:14+00:00,east,south,11.63,1214,completed,54.12
T000458,V001,2026-09-08T23:21:00+00:00,2026-09-08T23:55:29+00:00,east,south,4.87,2069,completed,25.38
T000459,V001,2026-09-03T19:00:00+00:00,2026-09-03T19:53:10+00:00,north,west,8.17,3190,cancelled,63.12
T000460,V025,2026-09-10T18:06:00+00:00,2026-09-10T18:43:39+00:00,east,central,7.07,2259,cancelled,52.11
T000461,V015,2026-09-14T11:41:00+00:00,2026-09-14T12:29:26+00:00,south,west,1.79,2906,completed,21.99
T000462,V007,2026-09-08T14:03:00+00:00,2026-09-08T14:24:49+00:00,north,east,3.48,1309,cancelled,13.82
T000463,V006,2026-09-03T00:57:00+00:00,2026-09-03T01:38:20+00:00,east,central,17.74,2480,cancelled,46.97
T000464,V011,2026-09-11T03:33:00+00:00,2026-09-11T04:21:37+00:00,central,west,3.25,2917,completed,24.2
T000465,V036,2026-09-05T15:45:00+00:00,2026-09-05T16:16:56+00:00,central,east,12.06,1916,cancelled,18.49
T000466,V037,2026-09-02T11:06:00+00:00,2026-09-02T11:36:49+00:00,central,west,3.19,1849,cancelled,4.23
T000467,V039,2026-09-03T07:51:00+00:00,2026-09-03T08:15:06+00:00,west,south,2.2,1446,completed,14.42
T000468,V031,2026-09-07T23:22:00+00:00,2026-09-07T23:31:35+00:00,north,east,14.24,575,cancelled,33.83
T000469,V035,2026-09-07T08:43:00+00:00,2026-09-07T08:53:13+00:00,west,south,6.99,613,cancelled,26.53
T000470,V017,2026-09-11T11:27:00+00:00,2026-09-11T11:34:02+00:00,west,west,5.11,422,cancelled,38.42
T000471,V007,2026-09-04T18:32:00+00:00,2026-09-04T19:27:21+00:00,north,east,14.64,3321,cancelled,63.21
T000472,V036,2026-09-14T18:04:00+00:00,2026-09-14T18:23:31+00:00,north,west,14.82,1171,cancelled,62.9
T000473,V016,2026-09-12T03:19:00+00:00,2026-09-12T04:02:05+00:00,west,east,1.88,2585,in_progress,6.12
T000474,V037,2026-09-14T07:57:00+00:00,2026-09-14T08:36:16+00:00,central,south,2.6,2356,cancelled,14.55
T000475,V013,2026-09-05T03:17:00+00:00,2026-09-05T03:35:27+00:00,south,north,7.91,1107,in_progress,30.56
T000476,V017,2026-09-04T16:45:00+00:00,2026-09-04T17:29:37+00:00,east,north,2.02,2677,in_progress,28.24
T000477,V034,2026-09-08T18:06:00+00:00,2026-09-08T18:28:51+00:00,west,north,14.26,1371,in_progress,39.84
T000478,V027,2026-09-10T21:09:00+00:00,2026-09-10T21:20:40+00:00,south,south,10.42,700,in_progress,50.26
T000479,V037,2026-09-03T14:43:00+00:00,2026-09-03T14:54:12+00:00,north,east,15.68,672,cancelled,57.55
T000480,V032,2026-09-07T08:15:00+00:00,2026-09-07T08:45:08+00:00,central,central,8.78,1808,completed,20.8
T000481,V039,2026-09-04T14:33:00+00:00,2026-09-04T15:19:12+00:00,west,north,7.43,2772,cancelled,46.12
T000482,V031,2026-09-02T10:55:00+00:00,2026-09-02T11:49:54+00:00,east,east,0.85,3294,cancelled,22.97
T000483,V007,2026-09-12T12:29:00+00:00,2026-09-12T13:20:31+00:00,south,south,5.76,3091,in_progress,31.03
T000484,V027,2026-09-08T15:14:00+00:00,2026-09-08T15:36:23+00:00,central,north,3.79,1343,completed,59.72
T000485,V032,2026-09-10T14:22:00+00:00,2026-09-10T15:16:34+00:00,central,east,14.87,3274,in_progress,52.28
T000486,V033,2026-09-02T19:50:00+00:00,2026-09-02T20:15:14+00:00,west,south,14.16,1514,in_progress,57.64
T000487,V013,2026-09-01T23:48:00+00:00,2026-09-02T00:03:51+00:00,south,north,4.87,951,cancelled,7.08
T000488,V013,2026-09-09T12:48:00+00:00,2026-09-09T13:40:06+00:00,east,east,14.91,3126,in_progress,28.21
T000489,V002,2026-09-04T03:39:00+00:00,2026-09-04T04:29:30+00:00,south,east,9.05,3030,cancelled,14.83
T000490,V036,2026-09-12T03:11:00+00:00,2026-09-12T03:55:03+00:00,east,east,3.36,2643,cancelled,49.69
T000491,V002,2026-09-03T09:21:00+00:00,2026-09-03T09:44:27+00:00,west,north,3.35,1407,in_progress,51.57
T000492,V015,2026-09-06T05:02:00+00:00,2026-09-06T05:21:06+00:00,south,east,11.9,1146,in_progress,5.22
T000493,V009,2026-09-01T12:51:00+00:00,2026-09-01T13:27:21+00:00,south,central,14.52,2181,completed,19.4
T000494,V018,2026-09-08T06:49:00+00:00,2026-09-08T07:41:39+00:00,west,west,15.4,3159,cancelled,19.37
T000495,V034,2026-09-11T22:52:00+00:00,2026-09-11T23:16:37+00:00,central,west,10.73,1477,completed,35.2
T000496,V039,2026-09-09T20:22:00+00:00,2026-09-09T21:04:19+00:00,central,east,5.72,2539,completed,33.39
T000497,V021,2026-09-08T23:39:00+00:00,2026-09-09T00:01:52+00:00,east,east,11.98,1372,in_progress,22.23
T000498,V016,2026-09-04T17:52:00+00:00,2026-09-04T18:31:18+00:00,north,central,7.57,2358,cancelled,45.53
T000499,V032,2026-09-01T21:54:00+00:00,2026-09-01T22:42:44+00:00,east,east,16.37,2924,cancelled,27.68
T000500,V037,2026-09-02T03:17:00+00:00,2026-09-02T04:00:48+00:00,south,east,13.21,2628,completed,45.87
T000501,V023,2026-09-12T03:48:00+00:00,2026-09-12T04:37:51+00:00,central,east,15.29,2991,in_progress,57.47
T000502,V007,2026-09-05T10:55:00+00:00,2026-09-05T11:19:03+00:00,west,south,13.47,1443,in_progress,53.31
T000503,V022,2026-09-05T11:58:00+00:00,2026-09-05T12:48:24+00:00,north,south,6.72,3024,in_progress,57.16
T000504,V022,2026-09-10T21:38:00+00:00,2026-09-10T22:35:48+00:00,east,east,10.75,3468,cancelled,55.92
T000505,V038,2026-09-12T00:58:00+00:00,2026-09-12T01:05:39+00:00,central,central,1.75,459,completed,34.53
T000506,V020,2026-09-10T00:26:00+00:00,2026-09-10T01:06:10+00:00,west,north,15.74,2410,completed,12.38
T000507,V027,2026-09-05T21:23:00+00:00,2026-09-05T21:50:23+00:00,central,west,3.01,1643,in_progress,15.0
T000508,V022,2026-09-03T04:08:00+00:00,2026-09-03T04:45:17+00:00,south,east,11.6,2237,completed,31.58
T000509,V011,2026-09-06T02:21:00+00:00,2026-09-06T03:16:57+00:00,central,south,9.07,3357,completed,11.89
T000510,V028,2026-09-11T04:51:00+00:00,2026-09-11T05:38:14+00:00,west,west,17.39,2834,cancelled,4.28
T000511,V024,2026-09-13T11:30:00+00:00,2026-09-13T11:47:36+00:00,north,east,13.74,1056,in_progress,15.63
T000512,V016,2026-09-01T10:15:00+00:00,2026-09-01T11:01:46+00:00,south,east,5.96,2806,completed,27.4
T000513,V011,2026-09-14T17:29:00+00:00,2026-09-14T17:53:53+00:00,north,north,5.72,1493,cancelled,31.81
T000514,V034,2026-09-13T04:08:00+00:00,2026-09-13T04:52:42+00:00,east,west,16.04,2682,completed,24.91
T000515,V013,2026-09-12T11:42:00+00:00,2026-09-12T12:10:31+00:00,south,west,0.83,1711,completed,48.36
T000516,V002,2026-09-04T07:39:00+00:00,2026-09-04T07:57:25+00:00,central,central,3.46,1105,cancelled,47.38
T000517,V017,2026-09-02T04:24:00+00:00,2026-09-02T04:53:36+00:00,central,central,1.35,1776,completed,44.38
T000518,V008,2026-09-01T18:46:00+00:00,2026-09-01T18:53:17+00:00,west,west,7.15,437,in_progress,19.42
T000519,V001,2026-09-04T19:37:00+00:00,2026-09-04T19:55:01+00:00,east,west,12.08,1081,in_progress,35.74
T000520,V009,2026-09-15T02:45:00+00:00,2026-09-15T03:36:50+00:00,west,north,9.45,3110,in_progress,11.18
T000521,V007,2026-09-03T22:15:00+00:00,2026-09-03T23:12:34+00:00,west,south,11.16,3454,cancelled,54.72
T000522,V027,2026-09-05T22:08:00+00:00,2026-09-05T22:36:26+00:00,east,south,1.19,1706,cancelled,59.53
T000523,V016,2026-09-12T06:30:00+00:00,2026-09-12T06:56:34+00:00,north,north,12.25,1594,completed,54.95
T000524,V006,2026-09-12T13:50:00+00:00,2026-09-12T14:04:10+00:00,central,north,13.16,850,completed,59.19
T000525,V019,2026-09-06T14:14:00+00:00,2026-09-06T14:49:10+00:00,east,west,1.38,2110,completed,57.32
T000526,V021,2026-09-07T22:41:00+00:00,2026-09-07T23:09:35+00:00,west,north,2.16,1715,completed,4.59
T000527,V011,2026-09-04T11:34:00+00:00,2026-09-04T12:23:17+00:00,east,east,16.15,2957,in_progress,20.37
T000528,V022,2026-09-03T10:45:00+00:00,2026-09-03T11:14:26+00:00,south,north,7.51,1766,cancelled,20.58
T000529,V031,2026-09-10T02:39:00+00:00,2026-09-10T03:30:05+00:00,west,south,2.48,3065,in_progress,48.31
T000530,V027,2026-09-04T23:03:00+00:00,2026-09-04T23:14:04+00:00,central,west,14.54,664,in_progress,30.73
T000531,V023,2026-09-15T05:51:00+00:00,2026-09-15T06:20:55+00:00,central,north,15.6,1795,in_progress,63.38
T000532,V032,2026-09-04T07:21:00+00:00,2026-09-04T07:57:58+00:00,north,west,8.21,2218,completed,19.96
T000533,V034,2026-09-08T11:36:00+00:00,2026-09-08T11:40:50+00:00,central,central,4.42,290,in_progress,57.26
T000534,V040,2026-09-13T03:29:00+00:00,2026-09-13T04:08:42+00:00,north,west,12.08,2382,completed,33.4
T000535,V036,2026-09-10T02:11:00+00:00,2026-09-10T02:25:08+00:00,central,north,0.7,848,completed,34.84
T000536,V011,2026-09-12T00:17:00+00:00,2026-09-12T00:54:50+00:00,north,west,6.11,2270,cancelled,63.18
T000537,V015,2026-09-02T11:29:00+00:00,2026-09-02T12:07:36+00:00,central,west,7.56,2316,completed,8.81
T000538,V037,2026-09-11T10:35:00+00:00,2026-09-11T11:33:41+00:00,west,north,15.49,3521,cancelled,23.28
T000539,V002,2026-09-12T15:37:00+00:00,2026-09-12T16:31:52+00:00,north,west,7.72,3292,in_progress,37.5
T000540,V039,2026-09-03T09:38:00+00:00,2026-09-03T10:36:03+00:00,central,east,16.08,3483,in_progress,16.62
T000541,V024,2026-09-11T17:09:00+00:00,2026-09-11T17:36:16+00:00,north,south,15.28,1636,cancelled,38.17
T000542,V024,2026-09-14T23:39:00+00:00,2026-09-15T00:15:17+00:00,west,north,2.21,2177,in_progress,17.53
T000543,V019,2026-09-09T02:25:00+00:00,2026-09-09T02:53:14+00:00,central,central,7.04,1694,completed,6.79
T000544,V009,2026-09-05T01:39:00+00:00,2026-09-05T02:16:36+00:00,west,north,4.95,2256,completed,15.44
T000545,V030,2026-09-10T06:34:00+00:00,2026-09-10T06:52:43+00:00,south,east,2.39,1123,cancelled,6.84
T000546,V029,2026-09-14T17:34:00+00:00,2026-09-14T17:46:24+00:00,west,central,17.23,744,completed,62.8
T000547,V004,2026-09-01T10:22:00+00:00,2026-09-01T11:02:12+00:00,central,west,15.18,2412,cancelled,60.39
T000548,V038,2026-09-05T08:46:00+00:00,2026-09-05T09:37:13+00:00,south,south,2.31,3073,in_progress,40.63
T000549,V025,2026-09-08T15:46:00+00:00,2026-09-08T16:24:24+00:00,west,central,16.53,2304,completed,20.69
T000550,V029,2026-09-09T03:14:00+00:00,2026-09-09T03:38:04+00:00,south,south,7.72,1444,in_progress,58.07
T000551,V036,2026-09-12T23:46:00+00:00,2026-09-13T00:10:24+00:00,east,central,11.57,1464,completed,16.79
T000552,V023,2026-09-07T22:41:00+00:00,2026-09-07T23:31:52+00:00,south,south,9.32,3052,in_progress,42.85
T000553,V023,2026-09-03T23:01:00+00:00,2026-09-03T23:56:56+00:00,central,west,10.7,3356,in_progress,47.32
T000554,V028,2026-09-13T11:34:00+00:00,2026-09-13T11:57:31+00:00,north,central,2.36,1411,cancelled,12.86
T000555,V018,2026-09-02T14:54:00+00:00,2026-09-02T15:11:38+00:00,south,east,12.46,1058,completed,55.2
T000556,V035,2026-09-08T01:11:00+00:00,2026-09-08T01:28:55+00:00,north,east,14.75,1075,completed,41.58
T000557,V036,2026-09-14T02:51:00+00:00,2026-09-14T03:10:18+00:00,west,south,9.44,1158,in_progress,21.55
T000558,V025,2026-09-02T09:39:00+00:00,2026-09-02T10:09:02+00:00,west,east,17.4,1802,completed,4.79
T000559,V040,2026-09-07T01:15:00+00:00,2026-09-07T01:32:51+00:00,west,south,16.45,1071,in_progress,47.28
T000560,V038,2026-09-09T16:50:00+00:00,2026-09-09T17:45:32+00:00,central,central,3.94,3332,in_progress,62.82
T000561,V012,2026-09-08T00:39:00+00:00,2026-09-08T01:13:38+00:00,north,south,17.34,2078,in_progress,35.34
T000562,V028,2026-09-09T22:00:00+00:00,2026-09-09T22:06:46+00:00,east,central,5.12,406,completed,39.62
T000563,V022,2026-09-07T03:16:00+00:00,2026-09-07T03:20:23+00:00,west,south,1.2,263,cancelled,40.41
T000564,V037,2026-09-08T04:28:00+00:00,2026-09-08T05:05:29+00:00,central,east,1.78,2249,in_progress,23.39
T000565,V034,2026-09-06T08:07:00+00:00,2026-09-06T08:23:33+00:00,north,central,3.29,993,in_progress,36.76
T000566,V015,2026-09-03T10:12:00+00:00,2026-09-03T10:39:51+00:00,south,east,6.29,1671,cancelled,17.33
T000567,V036,2026-09-13T09:43:00+00:00,2026-09-13T10:19:25+00:00,north,north,12.21,2185,cancelled,18.66
T000568,V016,2026-09-15T07:09:00+00:00,2026-09-15T07:55:24+00:00,north,east,7.17,2784,completed,27.54
T000569,V019,2026-09-13T15:02:00+00:00,2026-09-13T15:55:25+00:00,north,central,14.89,3205,cancelled,35.37
T000570,V032,2026-09-12T21:50:00+00:00,2026-09-12T22:24:25+00:00,north,east,16.22,2065,completed,23.54
T000571,V011,2026-09-03T04:58:00+00:00,2026-09-03T05:08:33+00:00,central,central,0.63,633,completed,16.86
T000572,V028,2026-09-06T04:25:00+00:00,2026-09-06T05:15:47+00:00,north,south,9.91,3047,in_progress,57.6
T000573,V005,2026-09-11T05:41:00+00:00,2026-09-11T06:29:08+00:00,south,north,8.54,2888,cancelled,6.31
T000574,V012,2026-09-03T00:00:00+00:00,2026-09-03T00:07:42+00:00,east,central,1.73,462,completed,59.57
T000575,V029,2026-09-10T14:37:00+00:00,2026-09-10T15:07:29+00:00,west,west,6.04,1829,cancelled,45.07
T000576,V040,2026-09-13T12:05:00+00:00,2026-09-13T12:09:24+00:00,north,central,1.3,264,completed,25.82
T000577,V019,2026-09-12T18:36:00+00:00,2026-09-12T18:47:14+00:00,east,central,2.01,674,cancelled,27.27
T000578,V011,2026-09-02T00:49:00+00:00,2026-09-02T01:25:21+00:00,central,south,2.89,2181,cancelled,52.6
T000579,V010,2026-09-13T18:02:00+00:00,2026-09-13T18:26:08+00:00,east,east,17.25,1448,completed,37.76
T000580,V008,2026-09-13T23:08:00+00:00,2026-09-13T23:21:39+00:00,north,north,10.52,819,cancelled,36.77
T000581,V014,2026-09-03T06:29:00+00:00,2026-09-03T06:53:48+00:00,east,south,7.72,1488,in_progress,55.94
T000582,V012,2026-09-04T13:47:00+00:00,2026-09-04T14:01:59+00:00,south,central,15.11,899,completed,10.99
T000583,V036,2026-09-14T05:49:00+00:00,2026-09-14T05:56:42+00:00,west,central,1.78,462,in_progress,8.11
T000584,V038,2026-09-03T13:37:00+00:00,2026-09-03T13:54:28+00:00,west,east,6.75,1048,in_progress,43.98
T000585,V040,2026-09-03T14:38:00+00:00,2026-09-03T15:01:27+00:00,north,south,6.06,1407,cancelled,24.03
T000586,V038,2026-09-08T06:56:00+00:00,2026-09-08T07:47:20+00:00,south,central,10.42,3080,cancelled,62.48
T000587,V021,2026-09-05T04:05:00+00:00,2026-09-05T04:09:19+00:00,south,south,12.96,259,in_progress,30.6
T000588,V022,2026-09-09T12:19:00+00:00,2026-09-09T12:32:10+00:00,west,west,8.29,790,cancelled,33.71
T000589,V039,2026-09-03T19:26:00+00:00,2026-09-03T19:41:59+00:00,north,east,15.53,959,completed,58.37
T000590,V005,2026-09-05T19:16:00+00:00,2026-09-05T19:37:58+00:00,north,north,15.37,1318,in_progress,5.9
T000591,V026,2026-09-14T13:47:00+00:00,2026-09-14T14:30:31+00:00,central,south,16.36,2611,in_progress,19.9
T000592,V010,2026-09-13T14:44:00+00:00,2026-09-13T15:20:13+00:00,east,west,4.41,2173,in_progress,48.73
T000593,V030,2026-09-07T22:55:00+00:00,2026-09-07T23:08:08+00:00,central,central,2.08,788,cancelled,34.63
T000594,V040,2026-09-06T18:27:00+00:00,2026-09-06T19:26:03+00:00,south,central,2.96,3543,completed,14.93
T000595,V010,2026-09-14T05:00:00+00:00,2026-09-14T05:49:00+00:00,west,east,1.21,2940,cancelled,18.14
T000596,V015,2026-09-07T08:22:00+00:00,2026-09-07T08:51:13+00:00,north,south,9.56,1753,cancelled,27.67
T000597,V003,2026-09-11T16:17:00+00:00,2026-09-11T16:24:10+00:00,east,north,12.82,430,in_progress,42.65
T000598,V017,2026-09-07T13:21:00+00:00,2026-09-07T14:15:38+00:00,central,central,10.48,3278,cancelled,43.87
T000599,V005,2026-09-09T15:30:00+00:00,2026-09-09T16:14:07+00:00,central,east,7.09,2647,completed,35.5
T000600,V023,2026-09-09T08:43:00+00:00,2026-09-09T09:42:47+00:00,west,west,16.03,3587,completed,34.61
T000601,V011,2026-09-04T11:53:00+00:00,2026-09-04T12:27:01+00:00,south,north,9.5,2041,cancelled,16.9
T000602,V024,2026-09-05T14:04:00+00:00,2026-09-05T14:18:44+00:00,central,north,12.07,884,cancelled,53.48
T000603,V031,2026-09-03T21:53:00+00:00,2026-09-03T22:29:52+00:00,west,south,10.84,2212,in_progress,54.84
T000604,V003,2026-09-01T20:15:00+00:00,2026-09-01T20:35:38+00:00,south,central,10.87,1238,completed,42.4
T000605,V010,2026-09-02T05:24:00+00:00,2026-09-02T06:07:04+00:00,north,south,5.02,2584,completed,35.52
T000606,V037,2026-09-10T13:25:00+00:00,2026-09-10T14:09:54+00:00,north,east,17.08,2694,completed,31.4
T000607,V011,2026-09-12T01:27:00+00:00,2026-09-12T02:03:52+00:00,south,west,11.01,2212,in_progress,54.05
T000608,V033,2026-09-05T11:19:00+00:00,2026-09-05T12:05:32+00:00,east,south,13.17,2792,cancelled,60.26
T000609,V005,2026-09-14T21:47:00+00:00,2026-09-14T22:31:19+00:00,south,west,7.25,2659,completed,5.01
T000610,V027,2026-09-13T05:28:00+00:00,2026-09-13T06:06:25+00:00,south,central,2.19,2305,cancelled,59.0
T000611,V035,2026-09-14T23:34:00+00:00,2026-09-14T23:40:39+00:00,central,north,2.13,399,in_progress,11.95
T000612,V001,2026-09-15T01:34:00+00:00,2026-09-15T02:14:48+00:00,west,central,7.86,2448,completed,46.56
T000613,V031,2026-09-11T02:16:00+00:00,2026-09-11T02:35:39+00:00,west,east,10.81,1179,in_progress,59.38
T000614,V028,2026-09-14T10:38:00+00:00,2026-09-14T10:48:40+00:00,south,east,8.85,640,completed,59.52
T000615,V039,2026-09-03T05:46:00+00:00,2026-09-03T06:09:20+00:00,central,west,5.01,1400,completed,47.26
T000616,V034,2026-09-01T11:53:00+00:00,2026-09-01T12:36:27+00:00,north,central,0.63,2607,in_progress,16.53
T000617,V024,2026-09-08T12:31:00+00:00,2026-09-08T13:02:54+00:00,north,south,7.96,1914,in_progress,19.47
T000618,V037,2026-09-13T12:47:00+00:00,2026-09-13T13:19:54+00:00,east,central,5.32,1974,in_progress,28.24
T000619,V036,2026-09-05T23:14:00+00:00,2026-09-05T23:46:12+00:00,central,west,3.63,1932,in_progress,37.85
T000620,V037,2026-09-07T02:35:00+00:00,2026-09-07T02:59:56+00:00,east,west,13.38,1496,in_progress,11.26
T000621,V011,2026-09-06T13:29:00+00:00,2026-09-06T14:03:29+00:00,north,south,9.4,2069,cancelled,52.85
T000622,V004,2026-09-15T07:20:00+00:00,2026-09-15T08:11:35+00:00,south,west,17.38,3095,completed,53.07
T000623,V039,2026-09-04T15:22:00+00:00,2026-09-04T15:58:11+00:00,west,north,1.62,2171,completed,26.62
T000624,V025,2026-09-15T04:36:00+00:00,2026-09-15T04:42:34+00:00,west,central,11.98,394,cancelled,47.41
T000625,V012,2026-09-14T22:17:00+00:00,2026-09-14T22:24:55+00:00,west,west,0.69,475,in_progress,60.78
T000626,V013,2026-09-13T02:58:00+00:00,2026-09-13T03:21:31+00:00,north,central,9.43,1411,in_progress,18.13
T000627,V003,2026-09-05T04:33:00+00:00,2026-09-05T05:23:00+00:00,east,south,11.96,3000,completed,9.3
T000628,V026,2026-09-07T14:41:00+00:00,2026-09-07T15:38:13+00:00,east,west,7.6,3433,completed,35.58
T000629,V036,2026-09-02T21:28:00+00:00,2026-09-02T21:38:09+00:00,east,central,16.51,609,cancelled,25.2
T000630,V039,2026-09-07T15:00:00+00:00,2026-09-07T15:19:26+00:00,south,west,16.77,1166,in_progress,4.28
T000631,V033,2026-09-05T07:35:00+00:00,2026-09-05T08:06:47+00:00,north,central,1.77,1907,cancelled,24.74
T000632,V033,2026-09-03T23:54:00+00:00,2026-09-04T00:52:48+00:00,east,central,14.73,3528,in_progress,19.26
T000633,V037,2026-09-11T09:48:00+00:00,2026-09-11T10:17:44+00:00,west,south,13.76,1784,cancelled,45.58
T000634,V031,2026-09-14T16:29:00+00:00,2026-09-14T16:34:52+00:00,north,east,1.68,352,in_progress,52.11
T000635,V015,2026-09-06T08:21:00+00:00,2026-09-06T09:11:12+00:00,east,west,17.22,3012,in_progress,36.67
T000636,V019,2026-09-07T07:49:00+00:00,2026-09-07T08:09:56+00:00,north,west,12.29,1256,cancelled,8.64
T000637,V021,2026-09-05T09:28:00+00:00,2026-09-05T10:04:31+00:00,east,south,16.15,2191,cancelled,15.15
T000638,V013,2026-09-05T15:51:00+00:00,2026-09-05T16:29:03+00:00,south,south,15.77,2283,completed,17.98
T000639,V023,2026-09-07T00:22:00+00:00,2026-09-07T01:08:13+00:00,south,north,2.6,2773,completed,45.22
T000640,V001,2026-09-12T13:03:00+00:00,2026-09-12T13:48:54+00:00,central,north,15.34,2754,cancelled,41.86
T000641,V018,2026-09-12T12:53:00+00:00,2026-09-12T13:36:13+00:00,west,south,17.73,2593,in_progress,21.1
T000642,V037,2026-09-06T09:17:00+00:00,2026-09-06T10:12:12+00:00,south,north,9.7,3312,cancelled,33.18
T000643,V033,2026-09-13T15:19:00+00:00,2026-09-13T15:25:13+00:00,east,west,15.56,373,completed,31.89
T000644,V034,2026-09-04T01:44:00+00:00,2026-09-04T02:35:40+00:00,west,east,12.56,3100,completed,45.12
T000645,V007,2026-09-09T23:13:00+00:00,2026-09-09T23:56:39+00:00,east,east,11.22,2619,cancelled,15.42
T000646,V018,2026-09-07T07:33:00+00:00,2026-09-07T07:53:11+00:00,west,central,6.5,1211,completed,34.42
T000647,V024,2026-09-06T02:58:00+00:00,2026-09-06T03:30:36+00:00,east,west,5.39,1956,completed,38.86
T000648,V015,2026-09-14T10:30:00+00:00,2026-09-14T11:20:49+00:00,north,east,14.57,3049,in_progress,30.37
T000649,V010,2026-09-10T00:00:00+00:00,2026-09-10T00:17:23+00:00,south,west,14.6,1043,completed,29.71
T000650,V034,2026-09-04T09:26:00+00:00,2026-09-04T10:13:03+00:00,central,east,14.24,2823,cancelled,19.31
T000651,V026,2026-09-14T06:06:00+00:00,2026-09-14T06:13:15+00:00,north,south,1.55,435,cancelled,33.07
T000652,V022,2026-09-03T12:35:00+00:00,2026-09-03T13:09:42+00:00,east,east,6.81,2082,in_progress,60.84
T000653,V002,2026-09-07T04:44:00+00:00,2026-09-07T05:11:29+00:00,west,north,6.64,1649,in_progress,62.75
T000654,V037,2026-09-05T20:39:00+00:00,2026-09-05T21:22:22+00:00,central,south,17.64,2602,cancelled,25.66
T000655,V029,2026-09-12T22:46:00+00:00,2026-09-12T23:23:16+00:00,north,west,11.24,2236,cancelled,42.53
T000656,V022,2026-09-04T15:06:00+00:00,2026-09-04T15:21:26+00:00,west,central,10.5,926,completed,8.83
T000657,V021,2026-09-09T03:39:00+00:00,2026-09-09T03:58:34+00:00,east,east,12.93,1174,in_progress,43.32
T000658,V024,2026-09-07T12:08:00+00:00,2026-09-07T12:42:22+00:00,central,central,17.4,2062,cancelled,14.21
T000659,V016,2026-09-01T20:36:00+00:00,2026-09-01T20:48:32+00:00,east,north,4.19,752,cancelled,10.28
T000660,V036,2026-09-02T18:50:00+00:00,2026-09-02T19:26:18+00:00,north,north,13.99,2178,in_progress,50.66
T000661,V017,2026-09-03T05:27:00+00:00,2026-09-03T05:38:05+00:00,central,south,1.98,665,cancelled,22.87
T000662,V019,2026-09-06T23:06:00+00:00,2026-09-07T00:00:21+00:00,west,south,2.8,3261,completed,5.74
T000663,V031,2026-09-09T10:52:00+00:00,2026-09-09T11:18:12+00:00,west,central,16.86,1572,in_progress,31.14
T000664,V038,2026-09-13T14:31:00+00:00,2026-09-13T14:47:05+00:00,central,west,11.54,965,in_progress,57.51
T000665,V035,2026-09-11T05:33:00+00:00,2026-09-11T06:12:44+00:00,east,east,8.93,2384,completed,53.09
T000666,V024,2026-09-11T09:18:00+00:00,2026-09-11T09:43:01+00:00,west,east,3.23,1501,completed,4.01
T000667,V019,2026-09-04T10:26:00+00:00,2026-09-04T10:53:28+00:00,west,central,0.65,1648,cancelled,61.76
T000668,V001,2026-09-12T04:32:00+00:00,2026-09-12T04:56:27+00:00,west,east,10.95,1467,completed,37.44
T000669,V036,2026-09-05T14:59:00+00:00,2026-09-05T15:31:06+00:00,west,west,4.87,1926,in_progress,48.96
T000670,V015,2026-09-10T04:50:00+00:00,2026-09-10T05:19:49+00:00,east,north,7.89,1789,completed,35.51
T000671,V018,2026-09-15T06:53:00+00:00,2026-09-15T07:52:07+00:00,east,central,14.65,3547,cancelled,15.47
T000672,V009,2026-09-02T21:23:00+00:00,2026-09-02T21:39:27+00:00,east,north,11.65,987,in_progress,31.62
T000673,V021,2026-09-12T12:41:00+00:00,2026-09-12T12:57:49+00:00,north,south,1.37,1009,in_progress,5.35
T000674,V018,2026-09-03T15:51:00+00:00,2026-09-03T16:14:15+00:00,south,west,13.22,1395,completed,9.5
T000675,V014,2026-09-01T16:02:00+00:00,2026-09-01T16:39:41+00:00,east,west,5.95,2261,cancelled,64.88
T000676,V003,2026-09-11T21:14:00+00:00,2026-09-11T22:05:34+00:00,east,north,15.26,3094,completed,7.42
T000677,V035,2026-09-10T06:18:00+00:00,2026-09-10T06:26:52+00:00,west,south,3.86,532,cancelled,53.85
T000678,V016,2026-09-01T14:53:00+00:00,2026-09-01T15:05:19+00:00,west,west,4.83,739,completed,16.15
T000679,V014,2026-09-03T11:18:00+00:00,2026-09-03T11:57:34+00:00,west,west,12.43,2374,cancelled,61.11
T000680,V003,2026-09-04T22:37:00+00:00,2026-09-04T23:23:57+00:00,central,central,2.64,2817,cancelled,42.95
T000681,V004,2026-09-05T20:31:00+00:00,2026-09-05T20:59:36+00:00,south,north,4.63,1716,cancelled,23.8
T000682,V018,2026-09-05T03:24:00+00:00,2026-09-05T04:22:13+00:00,central,north,7.43,3493,completed,4.54
T000683,V031,2026-09-02T06:56:00+00:00,2026-09-02T07:39:40+00:00,central,south,7.0,2620,completed,19.17
T000684,V040,2026-09-12T17:01:00+00:00,2026-09-12T17:11:14+00:00,east,north,1.55,614,in_progress,13.39
T000685,V007,2026-09-13T12:55:00+00:00,2026-09-13T13:53:01+00:00,south,west,4.57,3481,in_progress,52.1
T000686,V029,2026-09-09T05:40:00+00:00,2026-09-09T06:38:59+00:00,south,north,12.56,3539,cancelled,48.19
T000687,V032,2026-09-07T00:54:00+00:00,2026-09-07T01:00:41+00:00,west,central,5.66,401,in_progress,33.9
T000688,V035,2026-09-14T05:29:00+00:00,2026-09-14T05:45:44+00:00,east,east,13.32,1004,cancelled,56.93
T000689,V011,2026-09-14T22:57:00+00:00,2026-09-14T23:38:51+00:00,north,central,3.21,2511,cancelled,53.98
T000690,V030,2026-09-13T15:47:00+00:00,2026-09-13T16:16:03+00:00,north,central,7.13,1743,completed,57.86
T000691,V040,2026-09-09T14:50:00+00:00,2026-09-09T15:46:58+00:00,south,east,13.12,3418,in_progress,63.0
T000692,V034,2026-09-10T03:37:00+00:00,2026-09-10T03:53:57+00:00,west,central,3.2,1017,cancelled,23.68
T000693,V007,2026-09-08T15:52:00+00:00,2026-09-08T16:03:32+00:00,central,north,1.27,692,completed,14.9
T000694,V007,2026-09-02T01:04:00+00:00,2026-09-02T01:21:47+00:00,west,south,2.23,1067,in_progress,43.15
T000695,V032,2026-09-10T04:13:00+00:00,2026-09-10T05:01:54+00:00,central,central,12.77,2934,cancelled,6.99
T000696,V005,2026-09-06T08:32:00+00:00,2026-09-06T09:17:21+00:00,north,south,11.98,2721,completed,32.55
T000697,V036,2026-09-02T17:09:00+00:00,2026-09-02T17:37:38+00:00,west,east,14.4,1718,completed,54.24
T000698,V003,2026-09-07T09:10:00+00:00,2026-09-07T09:50:06+00:00,north,east,1.86,2406,completed,62.6
T000699,V015,2026-09-03T13:02:00+00:00,2026-09-03T13:12:54+00:00,central,west,3.82,654,in_progress,44.07
T000700,V012,2026-09-14T07:18:00+00:00,2026-09-14T08:04:41+00:00,central,central,7.77,2801,completed,50.74
T000701,V030,2026-09-14T10:52:00+00:00,2026-09-14T11:20:26+00:00,west,north,3.42,1706,completed,37.55
T000702,V011,2026-09-12T19:37:00+00:00,2026-09-12T20:04:02+00:00,central,central,8.25,1622,cancelled,59.05
T000703,V024,2026-09-13T20:25:00+00:00,2026-09-13T20:51:09+00:00,west,west,14.96,1569,cancelled,41.11
T000704,V014,2026-09-14T03:33:00+00:00,2026-09-14T04:14:14+00:00,west,central,16.71,2474,cancelled,25.96
T000705,V026,2026-09-11T15:04:00+00:00,2026-09-11T15:38:32+00:00,north,north,17.7,2072,in_progress,4.99
T000706,V001,2026-09-04T09:46:00+00:00,2026-09-04T10:10:36+00:00,east,south,4.26,1476,cancelled,5.32
T000707,V033,2026-09-07T14:42:00+00:00,2026-09-07T15:23:47+00:00,central,central,16.7,2507,completed,9.75
T000708,V010,2026-09-11T19:25:00+00:00,2026-09-11T19:53:16+00:00,south,east,6.92,1696,in_progress,19.24
T000709,V020,2026-09-07T03:56:00+00:00,2026-09-07T04:55:22+00:00,north,central,7.5,3562,completed,48.79
T000710,V031,2026-09-08T17:19:00+00:00,2026-09-08T18:17:07+00:00,south,west,14.95,3487,in_progress,46.87
T000711,V020,2026-09-03T12:04:00+00:00,2026-09-03T12:48:38+00:00,north,central,7.18,2678,completed,60.23
T000712,V028,2026-09-08T22:37:00+00:00,2026-09-08T23:04:45+00:00,west,north,15.72,1665,completed,49.61
T000713,V025,2026-09-15T00:56:00+00:00,2026-09-15T01:00:46+00:00,north,east,9.68,286,cancelled,36.94
T000714,V033,2026-09-04T17:41:00+00:00,2026-09-04T18:07:18+00:00,south,south,1.38,1578,in_progress,64.84
T000715,V039,2026-09-11T11:21:00+00:00,2026-09-11T12:16:23+00:00,central,central,2.08,3323,cancelled,21.68
T000716,V009,2026-09-10T07:21:00+00:00,2026-09-10T07:35:06+00:00,east,north,8.83,846,in_progress,7.01
T000717,V006,2026-09-10T10:00:00+00:00,2026-09-10T10:21:55+00:00,west,central,8.1,1315,in_progress,11.95
T000718,V036,2026-09-04T09:39:00+00:00,2026-09-04T10:15:49+00:00,south,west,7.42,2209,in_progress,15.96
T000719,V016,2026-09-13T06:18:00+00:00,2026-09-13T06:38:48+00:00,north,east,14.09,1248,cancelled,45.77
T000720,V008,2026-09-14T10:34:00+00:00,2026-09-14T10:44:06+00:00,west,west,6.89,606,completed,23.57
T000721,V002,2026-09-14T20:20:00+00:00,2026-09-14T21:08:44+00:00,east,south,17.78,2924,in_progress,54.12
T000722,V010,2026-09-11T09:30:00+00:00,2026-09-11T10:16:32+00:00,west,north,16.67,2792,completed,16.18
T000723,V006,2026-09-09T20:09:00+00:00,2026-09-09T20:23:38+00:00,north,north,4.75,878,in_progress,60.53
T000724,V022,2026-09-07T21:06:00+00:00,2026-09-07T21:10:56+00:00,north,east,8.38,296,completed,24.24
T000725,V014,2026-09-13T13:49:00+00:00,2026-09-13T14:07:27+00:00,central,central,13.63,1107,in_progress,33.46
T000726,V002,2026-09-04T13:11:00+00:00,2026-09-04T14:02:27+00:00,west,central,16.36,3087,in_progress,6.65
T000727,V019,2026-09-05T05:01:00+00:00,2026-09-05T05:09:06+00:00,south,central,5.25,486,cancelled,43.94
T000728,V025,2026-09-01T12:33:00+00:00,2026-09-01T12:41:32+00:00,east,east,15.62,512,completed,21.84
T000729,V025,2026-09-10T03:05:00+00:00,2026-09-10T03:24:46+00:00,central,north,16.32,1186,cancelled,56.87
T000730,V012,2026-09-13T10:18:00+00:00,2026-09-13T10:28:00+00:00,south,central,17.42,600,in_progress,60.51
T000731,V016,2026-09-01T19:44:00+00:00,2026-09-01T19:50:42+00:00,central,east,6.34,402,cancelled,49.41
T000732,V023,2026-09-01T18:02:00+00:00,2026-09-01T18:29:40+00:00,east,east,4.63,1660,in_progress,20.83
T000733,V017,2026-09-02T17:51:00+00:00,2026-09-02T18:37:43+00:00,west,north,17.02,2803,cancelled,17.76
T000734,V009,2026-09-09T02:39:00+00:00,2026-09-09T03:09:49+00:00,north,west,9.61,1849,in_progress,41.36
T000735,V016,2026-09-06T12:12:00+00:00,2026-09-06T12:44:29+00:00,central,south,7.96,1949,cancelled,59.49
T000736,V035,2026-09-08T19:50:00+00:00,2026-09-08T20:24:39+00:00,south,south,11.92,2079,in_progress,37.02
T000737,V020,2026-09-05T22:29:00+00:00,2026-09-05T22:42:25+00:00,central,south,8.03,805,completed,44.03
T000738,V021,2026-09-14T04:28:00+00:00,2026-09-14T04:42:47+00:00,north,central,9.83,887,in_progress,11.22
T000739,V002,2026-09-08T13:27:00+00:00,2026-09-08T13:40:56+00:00,east,west,17.32,836,cancelled,31.02
T000740,V013,2026-09-07T13:31:00+00:00,2026-09-07T13:45:22+00:00,north,south,3.73,862,in_progress,41.63
T000741,V040,2026-09-15T02:44:00+00:00,2026-09-15T03:26:42+00:00,south,central,4.56,2562,in_progress,5.59
T000742,V031,2026-09-03T03:24:00+00:00,2026-09-03T04:14:58+00:00,south,central,15.31,3058,cancelled,47.43
T000743,V025,2026-09-09T20:13:00+00:00,2026-09-09T20:29:33+00:00,west,west,2.91,993,completed,17.8
T000744,V001,2026-09-10T15:08:00+00:00,2026-09-10T16:04:11+00:00,east,west,4.39,3371,in_progress,64.28
T000745,V012,2026-09-05T23:43:00+00:00,2026-09-05T23:51:30+00:00,west,central,9.07,510,cancelled,56.87
T000746,V026,2026-09-06T22:46:00+00:00,2026-09-06T23:19:11+00:00,north,central,13.37,1991,cancelled,47.93
T000747,V037,2026-09-10T07:15:00+00:00,2026-09-10T08:00:44+00:00,central,central,9.69,2744,in_progress,52.0
T000748,V029,2026-09-13T04:20:00+00:00,2026-09-13T04:31:27+00:00,west,north,15.86,687,completed,35.64
T000749,V003,2026-09-10T08:03:00+00:00,2026-09-10T08:57:11+00:00,central,west,9.53,3251,in_progress,62.72
T000750,V029,2026-09-05T15:41:00+00:00,2026-09-05T16:04:52+00:00,west,east,14.04,1432,cancelled,32.14
T000751,V040,2026-09-10T22:43:00+00:00,2026-09-10T23:07:05+00:00,north,central,16.31,1445,cancelled,54.62
T000752,V033,2026-09-11T14:41:00+00:00,2026-09-11T14:51:10+00:00,north,south,14.13,610,in_progress,37.33
T000753,V021,2026-09-10T06:40:00+00:00,2026-09-10T07:12:13+00:00,west,north,3.63,1933,in_progress,58.69
T000754,V006,2026-09-05T22:16:00+00:00,2026-09-05T22:51:02+00:00,east,east,12.61,2102,in_progress,52.59
T000755,V008,2026-09-04T03:28:00+00:00,2026-09-04T03:38:13+00:00,west,east,1.99,613,in_progress,27.43
T000756,V011,2026-09-12T23:26:00+00:00,2026-09-13T00:11:47+00:00,west,central,7.16,2747,completed,59.65
T000757,V010,2026-09-14T04:50:00+00:00,2026-09-14T05:39:01+00:00,south,south,3.63,2941,in_progress,7.13
T000758,V029,2026-09-08T08:14:00+00:00,2026-09-08T08:39:07+00:00,east,south,2.56,1507,completed,62.59
T000759,V017,2026-09-01T09:55:00+00:00,2026-09-01T10:41:30+00:00,north,west,9.21,2790,cancelled,37.15
T000760,V032,2026-09-01T11:08:00+00:00,2026-09-01T11:53:30+00:00,south,south,10.81,2730,cancelled,31.68
T000761,V039,2026-09-11T09:19:00+00:00,2026-09-11T09:28:25+00:00,central,north,4.78,565,in_progress,20.96
T000762,V014,2026-09-14T00:29:00+00:00,2026-09-14T01:28:59+00:00,north,south,3.09,3599,in_progress,25.29
T000763,V037,2026-09-04T15:23:00+00:00,2026-09-04T15:29:12+00:00,central,east,6.29,372,completed,6.99
T000764,V011,2026-09-10T19:42:00+00:00,2026-09-10T19:58:10+00:00,east,central,12.07,970,in_progress,40.29
T000765,V030,2026-09-14T03:01:00+00:00,2026-09-14T03:17:06+00:00,central,east,16.8,966,completed,50.88
T000766,V025,2026-09-08T16:18:00+00:00,2026-09-08T16:47:09+00:00,north,west,15.26,1749,completed,21.86
T000767,V018,2026-09-04T09:28:00+00:00,2026-09-04T09:40:19+00:00,east,central,7.74,739,completed,46.45
T000768,V007,2026-09-15T06:15:00+00:00,2026-09-15T06:22:58+00:00,central,central,17.78,478,cancelled,48.17
T000769,V019,2026-09-15T02:17:00+00:00,2026-09-15T03:14:48+00:00,west,central,15.34,3468,cancelled,36.05
T000770,V040,2026-09-09T09:15:00+00:00,2026-09-09T09:27:51+00:00,central,west,9.59,771,in_progress,34.36
T000771,V015,2026-09-05T10:15:00+00:00,2026-09-05T11:00:36+00:00,east,south,0.53,2736,completed,32.36
T000772,V014,2026-09-04T00:24:00+00:00,2026-09-04T01:18:20+00:00,central,west,7.75,3260,cancelled,25.33
T000773,V013,2026-09-06T03:57:00+00:00,2026-09-06T04:01:46+00:00,east,east,14.33,286,cancelled,22.32
T000774,V001,2026-09-13T20:22:00+00:00,2026-09-13T20:48:06+00:00,north,east,6.47,1566,in_progress,38.7
T000775,V013,2026-09-01T23:54:00+00:00,2026-09-02T00:09:59+00:00,east,east,16.64,959,cancelled,59.89
T000776,V009,2026-09-02T03:25:00+00:00,2026-09-02T04:13:04+00:00,west,south,11.48,2884,in_progress,58.65
T000777,V027,2026-09-11T20:34:00+00:00,2026-09-11T21:31:31+00:00,north,central,5.74,3451,in_progress,45.37
T000778,V002,2026-09-13T23:12:00+00:00,2026-09-13T23:52:34+00:00,south,central,12.5,2434,cancelled,8.04
T000779,V002,2026-09-04T17:32:00+00:00,2026-09-04T17:55:08+00:00,east,west,11.46,1388,completed,38.83
T000780,V039,2026-09-10T04:45:00+00:00,2026-09-10T05:01:47+00:00,north,east,12.84,1007,cancelled,47.3
T000781,V006,2026-09-07T12:16:00+00:00,2026-09-07T12:48:15+00:00,west,south,7.0,1935,cancelled,17.18
T000782,V008,2026-09-08T05:06:00+00:00,2026-09-08T05:21:56+00:00,east,north,14.11,956,completed,31.07
T000783,V031,2026-09-01T21:37:00+00:00,2026-09-01T22:35:32+00:00,central,south,3.83,3512,cancelled,48.68
T000784,V021,2026-09-13T05:58:00+00:00,2026-09-13T06:23:11+00:00,south,north,14.89,1511,in_progress,45.28
T000785,V003,2026-09-04T08:28:00+00:00,2026-09-04T08:46:00+00:00,west,west,12.99,1080,in_progress,11.07
T000786,V039,2026-09-08T09:50:00+00:00,2026-09-08T09:57:00+00:00,north,east,8.67,420,completed,10.29
T000787,V037,2026-09-08T10:39:00+00:00,2026-09-08T10:44:32+00:00,east,south,6.12,332,completed,21.48
T000788,V029,2026-09-13T10:41:00+00:00,2026-09-13T11:06:47+00:00,north,east,3.11,1547,cancelled,10.98
T000789,V007,2026-09-14T01:37:00+00:00,2026-09-14T02:16:05+00:00,south,central,6.63,2345,cancelled,20.53
T000790,V016,2026-09-07T18:42:00+00:00,2026-09-07T19:25:11+00:00,south,north,5.95,2591,cancelled,36.98
T000791,V002,2026-09-02T11:42:00+00:00,2026-09-02T11:54:52+00:00,west,north,2.35,772,completed,9.25
T000792,V039,2026-09-10T06:02:00+00:00,2026-09-10T06:18:13+00:00,central,west,11.29,973,cancelled,24.27
T000793,V035,2026-09-05T20:12:00+00:00,2026-09-05T21:04:40+00:00,north,west,10.44,3160,completed,53.58
T000794,V030,2026-09-11T23:44:00+00:00,2026-09-11T23:54:38+00:00,east,west,8.73,638,completed,12.77
T000795,V026,2026-09-07T04:55:00+00:00,2026-09-07T05:23:48+00:00,south,east,14.3,1728,cancelled,31.65
T000796,V031,2026-09-02T00:31:00+00:00,2026-09-02T00:39:27+00:00,north,east,8.88,507,completed,21.22
T000797,V037,2026-09-09T06:23:00+00:00,2026-09-09T07:08:15+00:00,south,central,2.3,2715,in_progress,52.6
T000798,V005,2026-09-08T17:58:00+00:00,2026-09-08T18:39:57+00:00,east,central,8.57,2517,in_progress,29.22
T000799,V011,2026-09-06T21:05:00+00:00,2026-09-06T21:46:24+00:00,west,west,1.66,2484,completed,53.65
T000800,V028,2026-09-14T18:44:00+00:00,2026-09-14T19:17:25+00:00,central,east,10.03,2005,completed,14.56
T000801,V037,2026-09-03T02:32:00+00:00,2026-09-03T03:26:28+00:00,west,north,10.86,3268,cancelled,23.85
T000802,V012,2026-09-03T13:19:00+00:00,2026-09-03T13:53:23+00:00,east,west,1.72,2063,completed,45.82
T000803,V025,2026-09-14T21:43:00+00:00,2026-09-14T22:39:39+00:00,east,west,11.79,3399,completed,9.52
T000804,V001,2026-09-04T11:52:00+00:00,2026-09-04T12:35:38+00:00,south,south,8.43,2618,cancelled,27.79
T000805,V013,2026-09-14T11:37:00+00:00,2026-09-14T12:11:31+00:00,south,east,5.75,2071,in_progress,22.58
T000806,V023,2026-09-11T05:25:00+00:00,2026-09-11T06:18:00+00:00,north,central,0.64,3180,in_progress,28.66
T000807,V004,2026-09-04T05:39:00+00:00,2026-09-04T06:03:04+00:00,east,central,17.44,1444,completed,46.9
T000808,V019,2026-09-09T12:11:00+00:00,2026-09-09T12:22:29+00:00,north,south,8.06,689,in_progress,28.05
T000809,V025,2026-09-08T13:44:00+00:00,2026-09-08T14:36:35+00:00,west,west,8.12,3155,completed,44.41
T000810,V013,2026-09-12T03:20:00+00:00,2026-09-12T03:33:29+00:00,central,west,15.26,809,cancelled,55.24
T000811,V009,2026-09-04T20:15:00+00:00,2026-09-04T20:38:41+00:00,south,north,1.76,1421,completed,12.78
T000812,V028,2026-09-12T09:48:00+00:00,2026-09-12T10:36:54+00:00,south,north,2.9,2934,cancelled,56.47
T000813,V040,2026-09-15T02:05:00+00:00,2026-09-15T02:38:03+00:00,south,west,9.41,1983,in_progress,54.02
T000814,V015,2026-09-10T02:06:00+00:00,2026-09-10T02:34:15+00:00,south,west,11.08,1695,in_progress,34.39
T000815,V033,2026-09-06T17:17:00+00:00,2026-09-06T18:09:36+00:00,east,west,16.71,3156,in_progress,26.39
T000816,V031,2026-09-02T04:40:00+00:00,2026-09-02T05:22:47+00:00,east,north,10.65,2567,in_progress,8.88
T000817,V018,2026-09-13T07:29:00+00:00,2026-09-13T08:24:14+00:00,west,central,1.87,3314,in_progress,9.4
T000818,V005,2026-09-12T02:01:00+00:00,2026-09-12T02:48:03+00:00,central,central,5.97,2823,completed,59.12
T000819,V001,2026-09-13T12:11:00+00:00,2026-09-13T13:08:08+00:00,west,west,9.47,3428,cancelled,39.01
T000820,V023,2026-09-08T21:03:00+00:00,2026-09-08T21:35:44+00:00,east,east,3.43,1964,in_progress,60.29
T000821,V037,2026-09-08T06:03:00+00:00,2026-09-08T06:56:37+00:00,east,north,11.51,3217,in_progress,14.31
T000822,V019,2026-09-02T12:11:00+00:00,2026-09-02T12:59:48+00:00,central,north,5.52,2928,completed,11.74
T000823,V018,2026-09-03T01:58:00+00:00,2026-09-03T02:55:30+00:00,east,south,11.28,3450,cancelled,56.33
T000824,V008,2026-09-01T15:45:00+00:00,2026-09-01T16:39:36+00:00,central,south,16.43,3276,in_progress,13.22
T000825,V012,2026-09-11T11:55:00+00:00,2026-09-11T12:24:14+00:00,east,south,8.99,1754,in_progress,56.58
T000826,V010,2026-09-09T03:14:00+00:00,2026-09-09T03:23:45+00:00,central,south,15.16,585,cancelled,50.99
T000827,V029,2026-09-06T17:57:00+00:00,2026-09-06T18:46:06+00:00,south,south,10.61,2946,cancelled,7.31
T000828,V008,2026-09-07T08:23:00+00:00,2026-09-07T09:18:34+00:00,north,south,8.62,3334,cancelled,22.38
T000829,V025,2026-09-13T10:49:00+00:00,2026-09-13T11:08:57+00:00,west,west,5.1,1197,in_progress,57.09
T000830,V029,2026-09-01T14:28:00+00:00,2026-09-01T14:51:42+00:00,west,east,17.33,1422,in_progress,62.31
T000831,V023,2026-09-03T13:10:00+00:00,2026-09-03T13:50:16+00:00,west,central,16.57,2416,cancelled,24.43
T000832,V007,2026-09-07T09:51:00+00:00,2026-09-07T10:49:46+00:00,east,central,7.35,3526,in_progress,49.69
T000833,V013,2026-09-14T17:31:00+00:00,2026-09-14T18:27:35+00:00,central,east,12.36,3395,completed,23.11
T000834,V001,2026-09-01T13:46:00+00:00,2026-09-01T14:35:55+00:00,north,north,7.7,2995,in_progress,10.34
T000835,V015,2026-09-11T11:32:00+00:00,2026-09-11T11:59:59+00:00,east,east,3.88,1679,completed,41.78
T000836,V014,2026-09-02T15:03:00+00:00,2026-09-02T15:47:33+00:00,central,north,12.89,2673,completed,9.27
T000837,V025,2026-09-15T02:14:00+00:00,2026-09-15T02:26:52+00:00,central,south,16.18,772,in_progress,15.24
T000838,V005,2026-09-08T00:52:00+00:00,2026-09-08T01:27:52+00:00,west,east,13.96,2152,in_progress,59.11
T000839,V011,2026-09-08T16:37:00+00:00,2026-09-08T16:58:34+00:00,north,east,14.1,1294,cancelled,27.7
T000840,V017,2026-09-02T16:48:00+00:00,2026-09-02T17:09:37+00:00,south,west,1.71,1297,completed,41.23
T000841,V032,2026-09-05T09:27:00+00:00,2026-09-05T10:15:03+00:00,north,south,9.96,2883,cancelled,17.32
T000842,V017,2026-09-03T18:01:00+00:00,2026-09-03T18:35:08+00:00,north,north,1.78,2048,in_progress,48.38
T000843,V032,2026-09-11T11:30:00+00:00,2026-09-11T11:35:16+00:00,south,north,16.83,316,in_progress,27.82
T000844,V022,2026-09-04T18:47:00+00:00,2026-09-04T19:38:47+00:00,west,central,0.56,3107,in_progress,61.33
T000845,V028,2026-09-12T11:58:00+00:00,2026-09-12T12:34:38+00:00,west,north,9.95,2198,completed,27.45
T000846,V037,2026-09-12T07:16:00+00:00,2026-09-12T07:28:16+00:00,central,east,6.34,736,cancelled,28.44
T000847,V035,2026-09-03T09:30:00+00:00,2026-09-03T09:58:56+00:00,east,north,15.22,1736,cancelled,43.52
T000848,V003,2026-09-05T08:27:00+00:00,2026-09-05T09:08:51+00:00,west,south,5.73,2511,cancelled,58.68
T000849,V006,2026-09-09T12:12:00+00:00,2026-09-09T12:49:12+00:00,west,south,2.95,2232,completed,5.55
T000850,V032,2026-09-14T19:49:00+00:00,2026-09-14T20:09:16+00:00,west,north,14.37,1216,in_progress,22.77
T000851,V029,2026-09-13T11:36:00+00:00,2026-09-13T12:35:25+00:00,north,north,6.44,3565,cancelled,52.05
T000852,V008,2026-09-02T07:22:00+00:00,2026-09-02T07:53:40+00:00,south,central,8.52,1900,in_progress,57.08
T000853,V038,2026-09-13T13:02:00+00:00,2026-09-13T13:16:10+00:00,south,north,1.15,850,completed,33.82
T000854,V040,2026-09-01T18:24:00+00:00,2026-09-01T19:00:10+00:00,north,south,12.77,2170,completed,4.88
T000855,V007,2026-09-02T11:17:00+00:00,2026-09-02T11:41:58+00:00,west,central,3.49,1498,in_progress,7.9
T000856,V032,2026-09-03T18:04:00+00:00,2026-09-03T18:15:47+00:00,central,central,4.36,707,completed,30.0
T000857,V008,2026-09-10T11:33:00+00:00,2026-09-10T11:59:08+00:00,central,central,2.9,1568,completed,50.62
T000858,V022,2026-09-14T19:54:00+00:00,2026-09-14T20:09:50+00:00,north,north,5.29,950,cancelled,14.25
T000859,V011,2026-09-09T18:01:00+00:00,2026-09-09T18:42:46+00:00,west,south,16.7,2506,completed,12.14
T000860,V011,2026-09-15T06:28:00+00:00,2026-09-15T06:57:40+00:00,north,west,1.91,1780,completed,14.94
T000861,V038,2026-09-03T08:40:00+00:00,2026-09-03T09:32:14+00:00,east,west,12.64,3134,cancelled,46.23
T000862,V018,2026-09-06T00:35:00+00:00,2026-09-06T00:48:46+00:00,central,west,7.71,826,completed,41.24
T000863,V012,2026-09-02T04:32:00+00:00,2026-09-02T05:16:42+00:00,west,central,17.13,2682,in_progress,54.42
T000864,V027,2026-09-08T04:29:00+00:00,2026-09-08T04:56:44+00:00,north,central,4.62,1664,completed,64.18
T000865,V024,2026-09-03T12:15:00+00:00,2026-09-03T13:01:15+00:00,central,central,4.34,2775,in_progress,44.22
T000866,V013,2026-09-07T14:57:00+00:00,2026-09-07T15:04:37+00:00,north,south,12.49,457,cancelled,34.35
T000867,V003,2026-09-04T23:15:00+00:00,2026-09-05T00:04:44+00:00,north,east,5.49,2984,cancelled,19.33
T000868,V007,2026-09-11T15:28:00+00:00,2026-09-11T15:34:57+00:00,north,central,3.58,417,completed,33.59
T000869,V016,2026-09-03T23:23:00+00:00,2026-09-03T23:31:50+00:00,west,central,10.65,530,cancelled,16.12
T000870,V008,2026-09-08T17:52:00+00:00,2026-09-08T18:11:42+00:00,east,south,2.22,1182,in_progress,29.17
T000871,V015,2026-09-05T21:12:00+00:00,2026-09-05T21:41:38+00:00,north,west,10.74,1778,completed,58.32
T000872,V040,2026-09-04T15:09:00+00:00,2026-09-04T15:27:45+00:00,west,south,7.28,1125,completed,31.92
T000873,V023,2026-09-05T18:02:00+00:00,2026-09-05T18:49:08+00:00,east,south,6.38,2828,completed,46.22
T000874,V009,2026-09-02T16:34:00+00:00,2026-09-02T16:57:09+00:00,north,west,8.53,1389,completed,50.38
T000875,V039,2026-09-06T08:04:00+00:00,2026-09-06T08:28:08+00:00,south,central,16.35,1448,in_progress,63.18
T000876,V027,2026-09-06T13:26:00+00:00,2026-09-06T13:35:54+00:00,central,west,15.59,594,completed,40.09
T000877,V001,2026-09-11T20:43:00+00:00,2026-09-11T21:06:03+00:00,west,south,4.84,1383,cancelled,39.35
T000878,V037,2026-09-14T19:11:00+00:00,2026-09-14T19:25:10+00:00,north,west,17.65,850,completed,64.47
T000879,V028,2026-09-12T19:22:00+00:00,2026-09-12T19:28:17+00:00,central,west,8.89,377,in_progress,54.1
T000880,V016,2026-09-11T15:05:00+00:00,2026-09-11T15:42:48+00:00,north,central,13.68,2268,in_progress,48.64
T000881,V023,2026-09-06T07:03:00+00:00,2026-09-06T07:16:03+00:00,east,south,11.83,783,completed,4.97
T000882,V030,2026-09-08T06:28:00+00:00,2026-09-08T06:43:02+00:00,central,central,0.93,902,cancelled,32.29
T000883,V026,2026-09-04T11:42:00+00:00,2026-09-04T12:34:00+00:00,south,east,11.47,3120,in_progress,42.64
T000884,V022,2026-09-02T22:36:00+00:00,2026-09-02T23:06:16+00:00,central,north,5.69,1816,cancelled,46.58
T000885,V037,2026-09-15T06:30:00+00:00,2026-09-15T07:11:01+00:00,south,north,11.36,2461,cancelled,48.88
T000886,V024,2026-09-02T13:56:00+00:00,2026-09-02T14:35:08+00:00,north,north,7.2,2348,cancelled,41.77
T000887,V012,2026-09-09T15:39:00+00:00,2026-09-09T16:08:00+00:00,central,north,10.31,1740,completed,12.44
T000888,V035,2026-09-08T22:54:00+00:00,2026-09-08T23:14:17+00:00,north,west,13.4,1217,in_progress,57.14
T000889,V015,2026-09-06T02:34:00+00:00,2026-09-06T03:29:24+00:00,east,east,16.21,3324,in_progress,45.49
T000890,V005,2026-09-07T15:21:00+00:00,2026-09-07T15:28:43+00:00,east,east,8.42,463,in_progress,36.13
T000891,V035,2026-09-04T03:00:00+00:00,2026-09-04T03:36:05+00:00,central,east,8.41,2165,cancelled,52.79
T000892,V030,2026-09-02T19:50:00+00:00,2026-09-02T20:06:51+00:00,north,north,7.34,1011,completed,21.59
T000893,V011,2026-09-03T02:01:00+00:00,2026-09-03T02:12:27+00:00,east,north,12.7,687,cancelled,13.18
T000894,V002,2026-09-05T23:33:00+00:00,2026-09-06T00:12:32+00:00,east,west,17.47,2372,in_progress,60.84
T000895,V027,2026-09-12T02:48:00+00:00,2026-09-12T03:15:40+00:00,west,north,5.6,1660,completed,5.34
T000896,V022,2026-09-06T14:52:00+00:00,2026-09-06T15:31:28+00:00,west,central,6.5,2368,in_progress,52.0
T000897,V034,2026-09-12T09:30:00+00:00,2026-09-12T10:14:30+00:00,central,west,8.52,2670,in_progress,12.05
T000898,V017,2026-09-08T07:23:00+00:00,2026-09-08T07:38:43+00:00,south,west,7.01,943,cancelled,50.95
T000899,V023,2026-09-02T09:50:00+00:00,2026-09-02T10:04:07+00:00,east,west,17.23,847,in_progress,60.37
T000900,V012,2026-09-13T12:21:00+00:00,2026-09-13T12:44:28+00:00,south,south,3.32,1408,completed,6.51
T000901,V009,2026-09-08T12:55:00+00:00,2026-09-08T13:38:13+00:00,west,east,6.97,2593,completed,38.31
T000902,V021,2026-09-02T02:56:00+00:00,2026-09-02T03:45:26+00:00,east,south,7.03,2966,in_progress,63.5
T000903,V008,2026-09-13T11:26:00+00:00,2026-09-13T11:50:35+00:00,north,west,16.79,1475,completed,61.82
T000904,V001,2026-09-08T14:52:00+00:00,2026-09-08T15:06:39+00:00,central,central,6.3,879,in_progress,22.03
T000905,V037,2026-09-07T22:17:00+00:00,2026-09-07T23:12:29+00:00,south,central,13.25,3329,cancelled,24.66
T000906,V031,2026-09-03T21:20:00+00:00,2026-09-03T22:13:56+00:00,north,south,12.37,3236,completed,22.79
T000907,V015,2026-09-10T11:20:00+00:00,2026-09-10T12:06:09+00:00,west,east,2.12,2769,completed,41.1
T000908,V034,2026-09-05T18:34:00+00:00,2026-09-05T19:17:49+00:00,south,east,3.93,2629,completed,36.84
T000909,V006,2026-09-11T11:16:00+00:00,2026-09-11T12:06:13+00:00,central,west,3.9,3013,cancelled,40.79
T000910,V024,2026-09-12T23:22:00+00:00,2026-09-12T23:29:49+00:00,west,south,13.03,469,cancelled,26.55
T000911,V019,2026-09-09T19:36:00+00:00,2026-09-09T19:40:49+00:00,east,east,5.89,289,cancelled,57.33
T000912,V029,2026-09-03T07:50:00+00:00,2026-09-03T08:08:43+00:00,west,west,5.55,1123,in_progress,63.19
T000913,V027,2026-09-10T23:28:00+00:00,2026-09-11T00:21:44+00:00,south,central,10.96,3224,completed,16.67
T000914,V022,2026-09-12T03:12:00+00:00,2026-09-12T03:51:51+00:00,north,central,13.73,2391,completed,4.4
T000915,V012,2026-09-07T13:16:00+00:00,2026-09-07T13:48:17+00:00,central,west,12.93,1937,completed,16.15
T000916,V036,2026-09-10T00:29:00+00:00,2026-09-10T00:52:45+00:00,west,north,14.9,1425,cancelled,54.91
T000917,V036,2026-09-08T05:58:00+00:00,2026-09-08T06:35:43+00:00,west,south,0.97,2263,completed,13.4
T000918,V031,2026-09-08T03:55:00+00:00,2026-09-08T04:42:43+00:00,north,east,7.8,2863,cancelled,59.31
T000919,V008,2026-09-06T21:39:00+00:00,2026-09-06T21:44:56+00:00,east,west,17.9,356,completed,40.53
T000920,V031,2026-09-09T13:34:00+00:00,2026-09-09T14:17:40+00:00,central,west,15.7,2620,in_progress,45.84
T000921,V033,2026-09-04T01:18:00+00:00,2026-09-04T01:47:28+00:00,central,north,15.29,1768,completed,39.48
T000922,V030,2026-09-04T15:48:00+00:00,2026-09-04T16:13:49+00:00,south,east,3.36,1549,cancelled,26.03
T000923,V019,2026-09-09T10:24:00+00:00,2026-09-09T10:31:19+00:00,east,central,11.68,439,completed,35.35
T000924,V007,2026-09-05T12:04:00+00:00,2026-09-05T13:00:12+00:00,central,south,10.01,3372,cancelled,54.44
T000925,V024,2026-09-08T04:25:00+00:00,2026-09-08T04:47:31+00:00,north,central,10.65,1351,completed,4.79
T000926,V024,2026-09-13T02:59:00+00:00,2026-09-13T03:22:12+00:00,west,west,6.46,1392,completed,10.25
T000927,V015,2026-09-04T20:24:00+00:00,2026-09-04T21:02:21+00:00,south,central,11.23,2301,in_progress,55.61
T000928,V008,2026-09-13T20:58:00+00:00,2026-09-13T21:49:56+00:00,west,west,16.53,3116,completed,53.95
T000929,V023,2026-09-01T17:29:00+00:00,2026-09-01T18:05:44+00:00,east,east,2.93,2204,cancelled,58.27
T000930,V022,2026-09-14T22:23:00+00:00,2026-09-14T23:02:42+00:00,south,east,1.0,2382,completed,17.56
T000931,V015,2026-09-04T13:44:00+00:00,2026-09-04T14:34:58+00:00,east,south,4.17,3058,completed,29.91
T000932,V002,2026-09-03T21:00:00+00:00,2026-09-03T21:09:18+00:00,west,west,1.24,558,completed,6.0
T000933,V004,2026-09-13T00:25:00+00:00,2026-09-13T01:09:29+00:00,west,north,16.4,2669,completed,8.04
T000934,V007,2026-09-01T13:36:00+00:00,2026-09-01T14:31:30+00:00,north,central,4.09,3330,completed,15.27
T000935,V006,2026-09-09T07:59:00+00:00,2026-09-09T08:04:59+00:00,south,east,17.1,359,cancelled,25.48
T000936,V040,2026-09-12T17:24:00+00:00,2026-09-12T18:21:18+00:00,south,central,10.48,3438,completed,53.99
T000937,V014,2026-09-01T15:38:00+00:00,2026-09-01T16:18:06+00:00,south,east,3.51,2406,in_progress,4.26
T000938,V033,2026-09-03T13:53:00+00:00,2026-09-03T14:11:36+00:00,west,east,12.72,1116,completed,30.82
T000939,V023,2026-09-03T18:36:00+00:00,2026-09-03T18:52:20+00:00,west,west,4.25,980,completed,28.86
T000940,V030,2026-09-08T11:38:00+00:00,2026-09-08T11:50:26+00:00,north,central,2.88,746,cancelled,46.99
T000941,V003,2026-09-14T00:16:00+00:00,2026-09-14T01:09:17+00:00,north,east,9.14,3197,cancelled,21.3
T000942,V020,2026-09-14T23:53:00+00:00,2026-09-15T00:47:15+00:00,west,south,10.19,3255,cancelled,64.08
T000943,V005,2026-09-11T01:43:00+00:00,2026-09-11T01:59:53+00:00,west,east,3.64,1013,in_progress,33.99
T000944,V029,2026-09-03T17:26:00+00:00,2026-09-03T17:57:03+00:00,central,north,2.59,1863,cancelled,28.44
T000945,V011,2026-09-14T18:31:00+00:00,2026-09-14T18:41:56+00:00,north,east,17.57,656,cancelled,16.22
T000946,V015,2026-09-10T12:47:00+00:00,2026-09-10T12:59:22+00:00,west,west,5.37,742,in_progress,50.72
T000947,V026,2026-09-14T20:12:00+00:00,2026-09-14T20:34:38+00:00,east,west,12.17,1358,cancelled,64.24
T000948,V010,2026-09-12T23:18:00+00:00,2026-09-12T23:41:02+00:00,west,north,2.64,1382,cancelled,34.33
T000949,V007,2026-09-04T09:30:00+00:00,2026-09-04T09:36:01+00:00,north,north,9.22,361,completed,63.3
T000950,V021,2026-09-10T00:58:00+00:00,2026-09-10T01:43:16+00:00,south,east,11.38,2716,completed,50.37
T000951,V032,2026-09-13T03:57:00+00:00,2026-09-13T04:53:23+00:00,west,south,5.64,3383,cancelled,33.91
T000952,V022,2026-09-07T06:54:00+00:00,2026-09-07T07:35:01+00:00,central,central,0.81,2461,completed,64.43
T000953,V029,2026-09-04T01:03:00+00:00,2026-09-04T01:33:11+00:00,east,west,8.24,1811,completed,6.0
T000954,V020,2026-09-14T00:00:00+00:00,2026-09-14T00:49:00+00:00,south,west,8.04,2940,cancelled,47.66
T000955,V008,2026-09-12T10:12:00+00:00,2026-09-12T11:08:09+00:00,central,west,12.05,3369,in_progress,36.9
T000956,V036,2026-09-12T00:35:00+00:00,2026-09-12T01:11:29+00:00,south,central,1.48,2189,cancelled,34.18
T000957,V023,2026-09-09T22:19:00+00:00,2026-09-09T23:05:06+00:00,east,east,1.57,2766,in_progress,6.75
T000958,V038,2026-09-09T16:06:00+00:00,2026-09-09T16:33:48+00:00,north,east,7.16,1668,cancelled,25.05
T000959,V023,2026-09-09T11:10:00+00:00,2026-09-09T11:42:07+00:00,north,south,4.83,1927,in_progress,23.04
T000960,V005,2026-09-03T06:23:00+00:00,2026-09-03T07:13:58+00:00,east,north,6.41,3058,completed,36.84
T000961,V028,2026-09-02T04:24:00+00:00,2026-09-02T04:59:27+00:00,central,central,16.27,2127,cancelled,5.24
T000962,V002,2026-09-12T00:31:00+00:00,2026-09-12T01:15:08+00:00,east,west,10.48,2648,cancelled,38.92
T000963,V014,2026-09-12T10:42:00+00:00,2026-09-12T10:52:49+00:00,east,west,9.3,649,in_progress,24.71
T000964,V024,2026-09-15T07:46:00+00:00,2026-09-15T08:10:26+00:00,west,south,9.2,1466,completed,55.26
T000965,V019,2026-09-13T12:38:00+00:00,2026-09-13T12:56:36+00:00,east,north,5.7,1116,in_progress,28.52
T000966,V006,2026-09-06T11:21:00+00:00,2026-09-06T12:07:38+00:00,central,north,10.86,2798,cancelled,8.1
T000967,V028,2026-09-13T10:01:00+00:00,2026-09-13T10:37:26+00:00,south,east,14.42,2186,in_progress,54.25
T000968,V020,2026-09-12T19:36:00+00:00,2026-09-12T20:34:53+00:00,west,central,5.98,3533,cancelled,28.54
T000969,V036,2026-09-13T01:27:00+00:00,2026-09-13T02:01:56+00:00,south,north,11.49,2096,in_progress,56.63
T000970,V014,2026-09-14T11:02:00+00:00,2026-09-14T11:40:04+00:00,west,east,16.9,2284,in_progress,53.34
T000971,V004,2026-09-11T04:52:00+00:00,2026-09-11T05:34:38+00:00,central,south,6.87,2558,completed,18.66
T000972,V027,2026-09-08T03:59:00+00:00,2026-09-08T04:32:43+00:00,east,north,11.59,2023,cancelled,20.28
T000973,V011,2026-09-07T20:45:00+00:00,2026-09-07T21:33:06+00:00,east,central,4.63,2886,completed,10.93
T000974,V016,2026-09-05T16:48:00+00:00,2026-09-05T16:53:53+00:00,east,west,8.99,353,cancelled,29.74
T000975,V011,2026-09-02T04:12:00+00:00,2026-09-02T04:29:47+00:00,east,south,1.01,1067,cancelled,44.18
T000976,V003,2026-09-05T08:06:00+00:00,2026-09-05T08:53:59+00:00,west,north,1.47,2879,completed,23.15
T000977,V027,2026-09-08T02:44:00+00:00,2026-09-08T02:52:20+00:00,east,north,7.45,500,in_progress,55.41
T000978,V037,2026-09-06T16:54:00+00:00,2026-09-06T17:05:38+00:00,central,north,9.63,698,in_progress,61.93
T000979,V032,2026-09-13T06:51:00+00:00,2026-09-13T07:12:11+00:00,north,south,11.0,1271,cancelled,24.09
T000980,V025,2026-09-14T15:07:00+00:00,2026-09-14T16:01:19+00:00,south,west,4.32,3259,completed,14.68
T000981,V027,2026-09-07T13:56:00+00:00,2026-09-07T14:30:00+00:00,east,central,1.48,2040,in_progress,26.86
T000982,V035,2026-09-03T21:41:00+00:00,2026-09-03T22:06:36+00:00,west,west,12.45,1536,cancelled,57.65
T000983,V031,2026-09-04T15:08:00+00:00,2026-09-04T15:36:46+00:00,east,east,0.87,1726,in_progress,6.12
T000984,V016,2026-09-02T13:51:00+00:00,2026-09-02T14:42:09+00:00,east,central,7.23,3069,in_progress,62.47
T000985,V008,2026-09-09T14:10:00+00:00,2026-09-09T15:09:26+00:00,central,south,15.51,3566,cancelled,4.48
T000986,V020,2026-09-10T06:37:00+00:00,2026-09-10T06:58:26+00:00,north,south,5.7,1286,completed,59.87
T000987,V027,2026-09-08T13:13:00+00:00,2026-09-08T14:12:26+00:00,north,east,15.66,3566,cancelled,32.74
T000988,V028,2026-09-10T17:31:00+00:00,2026-09-10T17:57:42+00:00,north,south,12.72,1602,in_progress,8.05
T000989,V036,2026-09-10T21:51:00+00:00,2026-09-10T22:36:06+00:00,east,west,12.67,2706,completed,43.12
T000990,V029,2026-09-05T12:20:00+00:00,2026-09-05T13:07:01+00:00,south,north,7.51,2821,in_progress,22.64
T000991,V008,2026-09-14T10:28:00+00:00,2026-09-14T10:37:36+00:00,south,south,9.54,576,in_progress,50.55
T000992,V027,2026-09-14T20:24:00+00:00,2026-09-14T21:14:48+00:00,east,west,8.87,3048,in_progress,12.14
T000993,V038,2026-09-05T06:44:00+00:00,2026-09-05T07:34:55+00:00,east,east,3.98,3055,cancelled,26.42
T000994,V037,2026-09-10T06:54:00+00:00,2026-09-10T07:23:45+00:00,south,north,17.09,1785,in_progress,43.47
T000995,V030,2026-09-06T12:54:00+00:00,2026-09-06T13:04:04+00:00,south,east,12.77,604,completed,7.04
T000996,V017,2026-09-11T02:14:00+00:00,2026-09-11T02:58:59+00:00,south,north,17.27,2699,completed,61.78
T000997,V034,2026-09-04T00:05:00+00:00,2026-09-04T00:09:57+00:00,west,west,14.98,297,cancelled,11.23
T000998,V018,2026-09-05T22:56:00+00:00,2026-09-05T23:13:00+00:00,east,west,7.19,1020,cancelled,56.24
T000999,V019,2026-09-14T23:43:00+00:00,2026-09-15T00:01:42+00:00,south,west,3.66,1122,completed,5.76
T001000,V040,2026-09-07T06:58:00+00:00,2026-09-07T07:18:04+00:00,west,south,6.97,1204,in_progress,43.48
